사용년월,노선번호,노선명,표준버스정류장ID,버스정류장ARS번호,역명,00시승차총승객수,00시하차총승객수,1시승차총승객수,1시하차총승객수,2시승차총승객수,2시하차총승객수,3시승차총승객수,3시하차총승객수,4시승차총승객수,4시하차총승객수,5시승차총승객수,5시하차총승객수,6시승차총승객수,6시하차총승객수,7시승차총승객수,7시하차총승객수,8시승차총승객수,8시하차총승객수,9시승차총승객수,9시하차총승객수,10시승차총승객수,10시하차총승객수,11시승차총승객수,11시하차총승객수,12시승차총승객수,12시하차총승객수,13시승차총승객수,13시하차총승객수,14시승차총승객수,14시하차총승객수,15시승차총승객수,15시하차총승객수,16시승차총승객수,16시하차총승객수,17시승차총승객수,17시하차총승객수,18시승차총승객수,18시하차총승객수,19시승차총승객수,19시하차총승객수,20시승차총승객수,20시하차총승객수,21시승차총승객수,21시하차총승객수,22시승차총승객수,22시하차총승객수,23시승차총승객수,23시하차총승객수,등록일자
202001,관악02,관악02(낙성대역~서울대신공학관),120000172,21274,신소재연구소,0,0,0,0,0,0,0,0,0,0,0,0,0,12,0,101,11,367,10,403,11,262,4,143,12,148,8,108,7,73,40,46,29,34,42,21,67,27,61,15,22,22,9,8,7,6,1,1,20200203
202001,관악02,관악02(낙성대역~서울대신공학관),120000173,21275,제2공학관,0,0,0,0,0,0,0,0,0,0,1,1,54,96,22,267,52,1423,167,3167,212,3518,370,1455,491,1275,749,1123,955,697,1165,575,1224,325,2725,303,3840,249,1739,143,1214,75,1090,118,970,45,762,14,20200203
202001,관악02,관악02(낙성대역~서울대신공학관),120000174,21276,제1공학관,0,0,0,0,0,0,0,0,0,0,0,0,4,5,5,0,18,1,31,20,30,8,46,33,106,30,92,2,90,7,196,11,613,8,682,6,453,2,293,2,127,1,133,2,110,1,71,0,20200203
202001,관악02,관악02(낙성대역~서울대신공학관),120000175,21277,유전공학연구소.반도체공동연구소,0,0,0,0,0,0,0,0,0,0,0,0,19,3,5,0,23,0,34,1,33,5,82,2,117,4,117,4,188,4,225,3,427,8,1663,26,1715,12,621,7,421,1,339,2,298,3,188,1,20200203
202001,관악02,관악02(낙성대역~서울대신공학관),120000176,21278,교수회관입구,0,0,0,0,0,0,0,0,0,0,0,0,2,3,4,0,31,0,22,4,22,2,99,2,126,5,95,2,221,8,286,5,297,4,699,10,623,7,223,4,163,3,111,0,103,0,57,0,20200203
202001,관악02,관악02(낙성대역~서울대신공학관),120000177,21279,관악사삼거리,0,0,0,0,0,0,0,0,0,0,0,0,112,14,98,6,302,6,211,7,159,6,369,10,428,15,446,15,568,15,644,22,817,14,1285,41,1079,130,541,158,362,129,410,96,389,116,222,108,20200203
202001,관악02,관악02(낙성대역~서울대신공학관),120000186,21288,공동기기원,0,0,0,0,0,0,0,0,0,0,0,0,0,97,3,249,15,1351,33,1907,23,1296,13,580,12,462,18,391,15,280,16,217,16,95,31,108,4,86,10,54,1,31,1,28,6,25,3,8,20200203
202001,관악02,관악02(낙성대역~서울대신공학관),120000187,21289,유전공학연구소.반도체공동연구소,0,0,0,0,0,0,0,0,0,0,0,0,1,47,2,349,14,979,9,942,6,419,4,144,7,159,3,154,5,103,7,98,1,60,3,48,1,47,2,34,2,21,9,22,7,14,0,3,20200203
202001,관악02,관악02(낙성대역~서울대신공학관),120000188,21290,에너지자원연구소,0,0,0,0,0,0,0,0,0,0,2,0,3,20,0,108,3,755,3,880,3,541,10,298,6,270,8,295,7,205,3,139,5,98,9,86,6,88,2,43,9,38,1,24,7,10,0,6,20200203
202001,관악02,관악02(낙성대역~서울대신공학관),120900003,21595,가족생활동,0,0,0,0,0,0,0,0,0,0,0,0,90,3,190,9,333,51,310,44,202,18,195,13,189,41,212,26,248,32,359,29,453,40,645,79,649,82,179,54,124,16,121,20,139,32,65,13,20200203
202001,관악02,관악02(낙성대역~서울대신공학관),120900009,21585,BK국제관,0,0,0,0,0,0,0,0,0,0,0,0,160,8,296,8,532,62,560,53,414,31,609,23,587,38,657,31,648,51,533,44,737,55,1133,78,781,107,465,68,293,67,249,66,173,72,106,54,20200203
202001,관악02,관악02(낙성대역~서울대신공학관),120900027,21564,대학원생활관,0,0,0,0,0,0,0,0,0,0,0,0,241,9,706,17,895,44,977,25,870,10,973,14,1135,26,993,21,882,9,925,21,951,30,1250,63,1277,131,782,107,624,109,363,91,431,105,281,75,20200203
202001,관악02,관악02(낙성대역~서울대신공학관),120900090,21663,인헌아파트,0,0,0,0,0,0,0,0,0,0,2,0,158,19,428,2,726,10,365,19,315,12,260,28,190,33,221,37,189,35,145,63,131,56,162,129,115,167,83,100,75,79,26,71,26,61,12,52,20200203
202001,관악02,관악02(낙성대역~서울대신공학관),120900090,21663,인헌아파트,0,7,0,0,0,0,0,0,0,0,39,2,4,1,0,0,29,27,0,0,0,1,172,43,130,91,92,60,119,91,40,94,47,138,40,153,23,235,25,215,15,247,5,154,4,164,9,131,20200203
202001,관악02,관악02(낙성대역~서울대신공학관),120900095,21689,서울과학전시관,0,0,0,0,0,0,0,0,0,0,0,0,111,2,448,18,573,21,483,19,380,11,355,14,333,13,503,16,533,49,587,15,1011,54,730,57,637,64,314,23,319,39,197,23,104,12,42,6,20200203
202001,관악02,관악02(낙성대역~서울대신공학관),120900102,21752,낙성대현대아파트,0,0,0,0,0,0,0,0,0,0,0,0,14,16,96,25,195,122,93,78,81,101,44,91,50,67,58,93,55,66,41,112,51,103,44,252,15,345,22,120,26,121,16,81,8,90,3,86,20200203
202001,관악02,관악02(낙성대역~서울대신공학관),120900110,21771,낙성대입구,0,0,0,0,0,0,0,0,0,0,0,0,3,105,3,166,40,274,29,294,8,261,8,384,16,590,11,484,10,601,15,793,14,992,28,1660,18,2294,16,1092,13,679,7,502,3,536,9,358,20200203
202001,관악02,관악02(낙성대역~서울대신공학관),120900119,21785,낙성대역,0,0,0,0,0,0,0,0,0,0,712,347,2203,440,4010,160,10227,201,9507,153,7132,120,6234,87,5333,162,4510,183,4378,282,3298,138,3243,320,3382,799,3654,767,3454,379,3541,291,3892,337,4692,139,3617,165,20200203
202001,관악02,관악02(낙성대역~서울대신공학관),120900119,21785,낙성대역,0,0,0,0,0,0,0,0,0,0,33,16,252,916,1174,1873,4634,3683,4283,3722,1761,2699,912,3422,1157,4030,1147,4136,1234,4659,862,5360,966,6498,929,8888,1185,10666,711,4791,538,3426,718,3016,659,2803,439,1986,20200203
202001,관악02,관악02(낙성대역~서울대신공학관),120900131,21844,낙성대현대아파트,0,0,0,0,0,0,0,0,0,0,0,0,9,20,46,77,330,152,355,172,171,121,92,51,92,67,66,68,65,118,38,83,55,100,45,98,62,162,25,113,36,83,13,62,11,91,10,60,20200203
202001,관악02,관악02(낙성대역~서울대신공학관),120900136,21858,낙성대공원.영어마을,0,0,0,0,0,0,0,0,0,0,0,0,8,34,36,104,113,222,132,258,52,200,61,72,49,57,46,52,58,63,78,89,49,115,69,47,56,89,28,65,20,36,15,14,26,17,3,10,20200203
202001,관악02,관악02(낙성대역~서울대신공학관),120900140,21864,서울과학전시관,0,0,0,0,0,0,0,0,0,0,0,0,1,79,3,225,4,504,15,315,6,194,6,91,9,88,5,86,2,61,1,81,2,96,2,92,7,99,2,104,0,73,0,48,2,72,0,22,20200203
202001,관악02,관악02(낙성대역~서울대신공학관),120900153,21882,호암교수회관,0,4,0,0,0,0,0,0,0,0,0,0,21,0,0,0,0,0,0,0,4,1,111,134,71,138,87,113,51,105,26,117,28,141,26,154,28,130,14,112,8,102,5,109,6,89,2,79,20200203
202001,관악02,관악02(낙성대역~서울대신공학관),120900157,21887,가족생활동,0,10,0,0,0,0,0,0,0,0,0,0,0,0,1,5,6,17,0,7,0,0,117,230,77,393,92,293,76,258,104,227,76,355,63,398,99,317,24,425,15,321,25,372,10,345,6,287,20200203
202001,관악02,관악02(낙성대역~서울대신공학관),120900159,21892,서울대후문.연구공원,0,33,0,0,0,0,0,0,0,0,0,0,0,23,0,36,12,52,15,56,6,30,243,262,258,593,235,483,181,363,184,333,119,380,130,424,122,457,52,557,31,668,28,717,26,763,7,826,20200203
202001,관악02,관악02(낙성대역~서울대신공학관),120900161,21895,학부생활관,0,81,0,0,0,0,0,0,0,0,0,0,3,314,16,364,34,478,116,359,64,376,43,344,64,483,51,531,38,541,37,562,24,611,28,691,34,973,17,956,10,1023,15,1244,8,1636,1,1856,20200203
202001,관악02,관악02(낙성대역~서울대신공학관),120900162,21897,대학원생활관,0,78,0,0,0,0,0,0,0,0,0,0,7,183,11,214,46,864,107,695,106,622,98,694,103,674,101,733,36,774,19,739,29,768,21,792,28,965,14,1028,17,1016,8,1225,10,1828,10,1766,20200203
202001,관악02,관악02(낙성대역~서울대신공학관),120900163,21899,기숙사삼거리,0,1,0,0,0,0,0,0,0,0,0,0,17,204,23,331,221,1989,555,1946,474,1207,171,1440,125,1026,105,1061,50,1088,49,711,23,473,31,475,39,462,17,231,6,140,7,105,7,95,5,28,20200203
202001,관악02,관악02(낙성대역~서울대신공학관),120900164,21904,제2파워플랜트,0,0,0,0,0,0,0,0,0,0,0,0,0,38,0,21,0,22,0,80,2,155,5,97,8,61,0,25,2,21,1,10,2,4,10,1,1,1,0,1,0,0,0,0,10,1,3,0,20200203
202001,관악02,관악02(낙성대역~서울대신공학관),120900165,21905,건설환경종합연구소,0,0,0,0,0,0,0,0,0,0,0,0,2,105,2,34,2,73,3,270,6,887,9,541,7,188,10,65,7,90,8,32,8,14,17,18,7,10,6,5,0,5,5,3,11,2,10,2,20200203
202001,관악02,관악02(낙성대역~서울대신공학관),120900172,21915,노천강당,0,0,0,0,0,0,0,0,0,0,0,0,68,38,18,0,60,8,116,9,203,22,515,43,544,27,659,43,1096,43,1431,46,1957,29,3335,32,3566,67,1359,41,1382,33,1382,30,1641,33,626,22,20200203
202001,관악02,관악02(낙성대역~서울대신공학관),120900172,21915,노천강당,0,0,0,0,0,0,0,0,0,0,0,0,1,377,0,716,14,3255,37,3139,41,2000,23,1668,26,1445,32,1401,34,1410,25,896,14,586,40,469,176,377,3,194,7,109,6,51,2,45,27,21,20200203
202001,관악02,관악02(낙성대역~서울대신공학관),120900181,21738,낙성대공원.영어마을,0,0,0,0,0,0,0,0,0,0,0,0,2,11,19,9,23,22,40,42,84,28,119,22,177,27,62,44,116,45,134,74,126,58,105,83,69,105,49,71,49,54,34,46,26,74,3,90,20200203
202001,관악02,관악02(낙성대역~서울대신공학관),120900182,21765,인헌초등학교,0,0,0,0,0,0,0,0,0,0,0,0,4,37,31,61,122,212,26,154,31,145,25,311,31,341,24,256,42,315,28,356,27,310,37,875,18,1995,17,729,5,441,8,342,23,319,13,284,20200203
202001,관악02,관악02(낙성대역~서울대신공학관),120900183,21800,낙성대입구,0,0,0,0,0,0,0,0,0,0,30,14,263,50,260,20,1590,134,1368,125,775,65,586,42,602,59,562,49,473,62,385,184,244,138,314,297,521,367,511,340,456,98,422,67,504,96,519,56,20200203
202001,관악02,관악02(낙성대역~서울대신공학관),120900184,21819,인헌초등학교,0,0,0,0,0,0,0,0,0,0,0,0,31,11,104,68,553,122,533,73,328,76,263,60,333,82,326,75,313,95,199,110,168,125,157,94,186,159,143,150,169,115,185,80,146,87,88,82,20200203
202001,관악02,관악02(낙성대역~서울대신공학관),120900185,21870,호암교수회관,0,0,0,0,0,0,0,0,0,0,0,0,0,10,0,11,6,42,5,27,9,38,3,64,4,54,4,46,6,54,4,70,0,60,8,139,3,180,7,118,2,72,1,87,1,50,0,58,20200203
202001,관악02,관악02(낙성대역~서울대신공학관),120900185,21870,호암교수회관,0,11,0,0,0,0,0,0,0,0,0,0,70,502,171,1270,1374,3025,1286,2827,926,1348,16,300,10,486,2,241,5,355,7,325,9,378,10,445,6,569,3,537,4,423,2,398,2,492,1,303,20200203
202001,관악02,관악02(낙성대역~서울대신공학관),120900196,21574,학부생활관,0,0,0,0,0,0,0,0,0,0,0,0,277,20,467,14,811,93,1067,39,633,20,841,24,990,54,945,54,792,34,799,45,900,41,1095,59,1132,95,655,77,398,64,377,59,351,62,230,31,20200203
202002,관악02,관악02(낙성대역~서울대신공학관),120000172,21274,신소재연구소,0,0,0,0,0,0,0,0,0,0,0,0,0,34,2,85,0,338,10,343,6,219,7,150,9,114,7,108,21,64,24,43,17,34,28,30,65,22,27,31,29,15,6,13,17,6,19,1,20200303
202002,관악02,관악02(낙성대역~서울대신공학관),120000173,21275,제2공학관,0,0,0,0,0,0,0,0,0,0,1,0,40,66,32,182,38,1197,83,2748,181,3117,378,1306,473,1147,585,1075,868,628,1091,422,1245,342,2299,213,3122,175,1467,111,987,67,955,63,817,40,551,15,20200303
202002,관악02,관악02(낙성대역~서울대신공학관),120000174,21276,제1공학관,0,0,0,0,0,0,0,0,0,0,0,0,0,4,3,0,10,3,24,6,27,5,63,14,93,30,89,2,89,2,163,8,391,5,450,3,442,9,237,1,131,0,116,0,134,0,82,0,20200303
202002,관악02,관악02(낙성대역~서울대신공학관),120000175,21277,유전공학연구소.반도체공동연구소,0,0,0,0,0,0,0,0,0,0,0,0,17,3,16,0,18,2,33,4,35,4,116,3,93,4,111,5,140,4,225,6,369,14,1459,29,1412,11,494,5,368,4,347,2,234,1,201,0,20200303
202002,관악02,관악02(낙성대역~서울대신공학관),120000176,21278,교수회관입구,0,0,0,0,0,0,0,0,0,0,0,0,6,2,1,2,25,0,14,1,21,0,74,1,114,3,77,4,161,3,212,1,323,2,697,5,675,4,162,2,134,0,92,0,70,0,41,0,20200303
202002,관악02,관악02(낙성대역~서울대신공학관),120000177,21279,관악사삼거리,0,0,0,0,0,0,0,0,0,0,0,0,68,10,122,9,269,6,139,9,132,6,183,8,238,8,244,17,290,14,381,18,436,19,771,40,875,119,360,116,329,92,276,83,236,91,163,66,20200303
202002,관악02,관악02(낙성대역~서울대신공학관),120000186,21288,공동기기원,0,0,0,0,0,0,0,0,0,0,0,0,2,118,1,189,12,1322,19,1781,17,1022,16,488,8,341,12,359,9,197,6,168,11,105,7,86,6,53,18,40,2,38,8,26,1,18,0,2,20200303
202002,관악02,관악02(낙성대역~서울대신공학관),120000187,21289,유전공학연구소.반도체공동연구소,0,0,0,0,0,0,0,0,0,0,0,0,4,32,2,264,16,714,9,810,1,355,5,164,5,145,9,139,7,99,5,85,4,56,2,55,3,32,11,34,13,15,12,8,15,7,0,0,20200303
202002,관악02,관악02(낙성대역~서울대신공학관),120000188,21290,에너지자원연구소,0,0,0,0,0,0,0,0,0,0,0,0,1,19,0,83,2,736,9,833,8,564,15,284,6,236,10,244,8,161,7,118,11,86,34,61,3,77,50,45,18,18,15,21,10,8,2,4,20200303
202002,관악02,관악02(낙성대역~서울대신공학관),120900003,21595,가족생활동,0,0,0,0,0,0,0,0,0,0,0,0,78,0,187,1,289,42,259,18,164,19,169,20,217,23,183,32,188,13,305,29,347,20,529,51,543,74,226,41,104,22,139,24,151,31,65,6,20200303
202002,관악02,관악02(낙성대역~서울대신공학관),120900009,21585,BK국제관,0,0,0,0,0,0,0,0,0,0,1,0,127,3,260,11,431,39,473,55,319,22,461,18,543,17,470,31,426,28,460,27,567,40,877,64,659,86,417,70,247,58,230,65,173,57,85,55,20200303
202002,관악02,관악02(낙성대역~서울대신공학관),120900027,21564,대학원생활관,0,0,0,0,0,0,0,0,0,0,0,0,134,9,532,15,783,39,740,23,726,10,782,13,929,18,739,17,697,10,639,15,842,26,889,32,940,118,658,109,502,83,353,71,368,85,204,59,20200303
202002,관악02,관악02(낙성대역~서울대신공학관),120900090,21663,인헌아파트,3,3,0,0,0,0,0,0,0,0,29,2,2,0,23,21,0,0,0,1,0,0,123,35,138,48,102,55,95,66,48,81,46,83,40,101,25,192,22,209,13,174,17,161,3,157,4,83,20200303
202002,관악02,관악02(낙성대역~서울대신공학관),120900090,21663,인헌아파트,0,0,0,0,0,0,0,0,0,0,6,0,143,23,437,7,701,14,347,12,243,18,180,11,175,18,179,17,173,40,124,39,111,60,82,100,93,140,61,74,38,77,33,59,11,49,14,50,20200303
202002,관악02,관악02(낙성대역~서울대신공학관),120900095,21689,서울과학전시관,0,0,0,0,0,0,0,0,0,0,0,0,104,4,365,15,527,20,362,11,277,13,256,4,264,4,330,21,385,23,488,23,488,31,584,40,606,45,265,26,225,19,159,21,84,9,41,4,20200303
202002,관악02,관악02(낙성대역~서울대신공학관),120900102,21752,낙성대현대아파트,0,0,0,0,0,0,0,0,0,0,0,0,24,14,122,29,181,81,79,58,60,77,31,81,39,72,46,58,28,75,29,102,43,95,23,151,21,318,15,145,13,88,9,87,7,91,1,65,20200303
202002,관악02,관악02(낙성대역~서울대신공학관),120900110,21771,낙성대입구,0,0,0,0,0,0,0,0,0,0,0,0,1,70,13,127,22,214,37,218,10,179,7,351,15,438,5,424,7,460,5,623,8,818,17,1178,21,1620,8,841,3,609,8,488,2,458,4,305,20200303
202002,관악02,관악02(낙성대역~서울대신공학관),120900119,21785,낙성대역,0,0,0,0,0,0,0,0,0,0,577,317,1849,405,3542,145,9132,176,9313,181,6284,144,3827,104,4222,210,3661,200,3072,168,2593,272,2622,287,2729,478,3027,727,2700,271,2688,178,2974,236,3294,139,2366,80,20200303
202002,관악02,관악02(낙성대역~서울대신공학관),120900119,21785,낙성대역,0,0,0,0,0,0,0,0,0,0,99,52,287,677,564,1658,2271,3034,1939,2796,1372,2145,1024,2439,1208,3249,1023,2899,987,3405,791,3955,626,5153,669,6811,865,8366,772,4109,383,2673,424,2705,604,2216,418,1528,20200303
202002,관악02,관악02(낙성대역~서울대신공학관),120900131,21844,낙성대현대아파트,0,0,0,0,0,0,0,0,0,0,0,0,11,15,41,37,289,136,272,99,167,70,117,48,89,46,63,58,30,65,30,78,67,71,47,76,30,95,22,75,23,59,11,43,9,60,12,60,20200303
202002,관악02,관악02(낙성대역~서울대신공학관),120900136,21858,낙성대공원.영어마을,0,0,0,0,0,0,0,0,0,0,0,0,5,23,37,81,62,117,69,63,57,69,44,72,62,37,37,35,43,47,71,39,47,55,30,47,27,42,14,27,14,19,12,14,9,20,6,4,20200303
202002,관악02,관악02(낙성대역~서울대신공학관),120900140,21864,서울과학전시관,0,1,0,0,0,0,0,0,0,0,0,0,0,62,1,140,12,204,3,91,4,80,5,69,1,88,3,76,3,60,1,56,6,72,2,75,4,57,0,56,2,59,2,54,2,33,0,21,20200303
202002,관악02,관악02(낙성대역~서울대신공학관),120900153,21882,호암교수회관,0,0,0,0,0,0,0,0,0,0,0,0,10,0,0,0,0,0,0,0,4,1,72,69,50,119,62,71,41,107,27,79,26,98,8,106,15,110,25,94,7,66,4,64,4,59,3,44,20200303
202002,관악02,관악02(낙성대역~서울대신공학관),120900157,21887,가족생활동,0,1,0,0,0,0,0,0,0,0,0,0,0,0,0,9,8,14,0,10,6,3,89,211,85,340,56,296,67,222,105,224,49,259,43,362,90,276,37,371,24,239,18,267,4,206,7,189,20200303
202002,관악02,관악02(낙성대역~서울대신공학관),120900159,21892,서울대후문.연구공원,0,19,0,0,0,0,0,0,0,0,0,0,0,26,0,24,2,47,12,45,6,42,155,266,161,467,220,380,102,457,135,316,135,345,100,353,86,398,52,456,43,415,35,527,28,501,6,555,20200303
202002,관악02,관악02(낙성대역~서울대신공학관),120900161,21895,학부생활관,0,70,0,0,0,0,0,0,0,0,0,0,2,262,4,192,38,359,87,255,72,266,26,264,38,458,44,457,17,451,26,466,20,517,24,627,19,836,17,790,11,779,11,874,3,1220,3,1307,20200303
202002,관악02,관악02(낙성대역~서울대신공학관),120900162,21897,대학원생활관,1,61,0,0,0,0,0,0,0,0,0,0,7,129,11,181,46,540,84,446,82,485,46,390,64,510,79,622,36,574,19,570,11,576,12,652,19,748,19,841,14,880,12,970,10,1223,3,1230,20200303
202002,관악02,관악02(낙성대역~서울대신공학관),120900163,21899,기숙사삼거리,0,0,0,0,0,0,0,0,0,0,0,0,5,157,15,281,174,1061,390,1249,353,1008,129,634,115,700,77,779,47,630,33,551,21,398,30,313,34,346,13,182,9,108,7,90,7,76,1,33,20200303
202002,관악02,관악02(낙성대역~서울대신공학관),120900164,21904,제2파워플랜트,0,0,0,0,0,0,0,0,0,0,0,0,0,24,0,16,1,32,0,91,1,138,7,84,5,54,2,22,4,22,22,8,3,1,0,3,0,1,4,2,2,0,4,2,5,1,0,0,20200303
202002,관악02,관악02(낙성대역~서울대신공학관),120900165,21905,건설환경종합연구소,0,0,0,0,0,0,0,0,0,0,0,0,0,50,1,29,1,55,1,230,5,764,4,421,2,144,3,101,13,99,2,31,2,14,8,17,46,12,0,4,0,5,0,1,0,1,2,1,20200303
202002,관악02,관악02(낙성대역~서울대신공학관),120900172,21915,노천강당,0,0,0,0,0,0,0,0,0,0,0,0,54,34,12,4,76,20,166,59,150,43,275,23,325,15,383,26,596,18,948,56,1579,43,1955,37,2519,84,1163,38,1077,29,1195,25,1196,30,449,8,20200303
202002,관악02,관악02(낙성대역~서울대신공학관),120900172,21915,노천강당,0,0,0,0,0,0,0,0,0,0,0,0,0,380,2,783,14,2482,36,2416,36,1692,14,1036,41,1096,15,1044,16,1020,13,709,22,490,16,329,17,299,4,153,6,86,1,62,0,54,26,7,20200303
202002,관악02,관악02(낙성대역~서울대신공학관),120900181,21738,낙성대공원.영어마을,0,0,0,0,0,0,0,0,0,0,0,0,9,17,10,20,16,17,29,28,16,14,34,25,65,26,46,32,75,52,101,55,91,58,66,79,54,98,25,60,27,62,20,45,6,53,1,46,20200303
202002,관악02,관악02(낙성대역~서울대신공학관),120900182,21765,인헌초등학교,0,0,0,0,0,0,0,0,0,0,0,0,7,37,37,54,128,240,59,134,35,110,18,270,33,321,20,266,36,208,19,277,16,280,13,714,17,1389,5,586,8,386,12,277,15,310,4,206,20200303
202002,관악02,관악02(낙성대역~서울대신공학관),120900183,21800,낙성대입구,0,0,0,0,0,0,0,0,0,0,0,0,260,42,314,98,1286,156,1278,121,672,58,358,63,649,90,550,78,522,94,288,57,225,63,316,186,357,283,299,93,385,81,324,70,339,52,368,58,20200303
202002,관악02,관악02(낙성대역~서울대신공학관),120900184,21819,인헌초등학교,0,0,0,0,0,0,0,0,0,0,0,0,33,11,126,63,442,112,387,50,284,59,205,60,254,66,270,63,234,48,209,75,151,63,110,71,148,133,129,102,154,89,120,64,93,81,62,72,20200303
202002,관악02,관악02(낙성대역~서울대신공학관),120900185,21870,호암교수회관,0,5,0,0,0,0,0,0,0,0,0,0,52,481,104,1159,1063,2846,1097,2196,739,1178,20,292,4,381,3,261,8,362,3,239,3,265,9,311,1,445,1,482,1,341,1,308,0,343,2,220,20200303
202002,관악02,관악02(낙성대역~서울대신공학관),120900185,21870,호암교수회관,0,0,0,0,0,0,0,0,0,0,0,0,0,7,0,10,3,19,4,23,7,26,0,50,0,40,3,39,7,88,1,71,2,61,8,102,7,152,0,89,2,64,0,70,0,51,0,44,20200303
202002,관악02,관악02(낙성대역~서울대신공학관),120900196,21574,학부생활관,0,0,0,0,0,0,0,0,0,0,0,0,194,8,358,25,539,127,701,25,507,14,692,22,996,26,834,47,747,39,648,23,644,26,887,49,853,69,549,66,269,60,280,55,279,45,178,26,20200303
202003,관악02,관악02(낙성대역~서울대신공학관),120000172,21274,신소재연구소,0,0,0,0,0,0,0,0,0,0,0,0,0,48,0,86,2,253,3,219,7,189,3,134,16,82,10,88,13,55,37,33,17,26,18,27,32,27,15,22,8,11,5,7,4,6,4,0,20200403
202003,관악02,관악02(낙성대역~서울대신공학관),120000173,21275,제2공학관,0,0,0,0,0,0,0,0,0,0,3,1,19,70,24,196,34,950,77,1474,172,1729,293,1074,378,1008,534,830,857,613,1270,481,1406,263,1894,190,2602,166,1437,110,989,89,873,52,759,29,548,16,20200403
202003,관악02,관악02(낙성대역~서울대신공학관),120000174,21276,제1공학관,0,0,0,0,0,0,0,0,0,0,0,0,2,0,1,1,2,0,10,3,25,3,49,13,58,26,72,15,96,8,166,16,203,5,317,3,314,7,187,0,106,2,89,3,81,0,63,1,20200403
202003,관악02,관악02(낙성대역~서울대신공학관),120000175,21277,유전공학연구소.반도체공동연구소,0,0,0,0,0,0,0,0,0,0,0,0,8,0,14,0,27,1,16,4,29,1,73,3,94,1,71,5,143,4,151,2,309,8,785,13,1331,6,491,4,312,1,288,4,237,0,215,1,20200403
202003,관악02,관악02(낙성대역~서울대신공학관),120000176,21278,교수회관입구,0,0,0,0,0,0,0,0,0,0,0,0,0,0,5,0,27,0,17,1,21,2,65,0,78,1,83,1,140,3,180,3,189,3,360,5,506,4,161,2,160,0,96,1,57,1,32,1,20200403
202003,관악02,관악02(낙성대역~서울대신공학관),120000177,21279,관악사삼거리,0,0,0,0,0,0,0,0,0,0,0,0,104,30,66,4,192,3,99,4,79,9,125,5,193,11,203,7,260,14,286,19,376,27,630,21,651,69,326,71,213,78,230,79,276,81,172,46,20200403
202003,관악02,관악02(낙성대역~서울대신공학관),120000186,21288,공동기기원,0,0,0,0,0,0,0,0,0,0,0,0,0,127,1,191,10,1107,4,1102,7,759,10,461,6,282,18,270,10,167,15,110,11,68,5,54,20,53,1,32,0,35,0,24,0,22,0,1,20200403
202003,관악02,관악02(낙성대역~서울대신공학관),120000187,21289,유전공학연구소.반도체공동연구소,0,0,0,0,0,0,0,0,0,0,0,0,0,30,1,197,10,457,14,522,7,221,1,131,3,119,7,168,1,97,2,56,4,45,2,28,1,39,2,16,18,17,33,11,14,14,0,2,20200403
202003,관악02,관악02(낙성대역~서울대신공학관),120000188,21290,에너지자원연구소,0,0,0,0,0,0,0,0,0,0,0,0,0,15,1,65,3,510,1,478,7,329,2,209,2,207,2,210,9,147,6,92,6,74,4,45,5,51,9,28,2,20,6,10,10,7,0,1,20200403
202003,관악02,관악02(낙성대역~서울대신공학관),120900003,21595,가족생활동,0,0,0,0,0,0,0,0,0,0,0,0,52,3,123,6,245,28,146,13,99,5,101,10,130,11,93,5,103,19,256,15,318,23,391,46,259,55,129,31,85,22,93,17,148,19,32,17,20200403
202003,관악02,관악02(낙성대역~서울대신공학관),120900009,21585,BK국제관,0,0,0,0,0,0,0,0,0,0,0,0,111,14,107,21,212,15,248,11,264,17,428,11,457,25,446,37,429,22,449,33,682,44,825,51,740,76,499,58,289,41,248,55,145,49,90,30,20200403
202003,관악02,관악02(낙성대역~서울대신공학관),120900027,21564,대학원생활관,0,0,0,0,0,0,0,0,0,0,0,0,46,11,234,5,306,27,453,15,457,3,601,13,667,19,651,24,573,15,597,19,750,24,906,45,1176,85,702,75,493,71,369,66,340,84,136,44,20200403
202003,관악02,관악02(낙성대역~서울대신공학관),120900090,21663,인헌아파트,0,2,0,0,0,0,0,0,0,0,24,1,10,1,0,0,0,0,0,0,0,0,130,23,103,37,71,54,61,54,51,93,52,66,24,99,44,177,12,205,12,125,10,131,4,123,5,60,20200403
202003,관악02,관악02(낙성대역~서울대신공학관),120900090,21663,인헌아파트,0,0,0,0,0,0,0,0,0,0,4,0,120,28,349,10,612,21,240,14,176,11,117,8,115,12,122,31,128,29,117,49,87,39,64,67,70,96,42,66,30,68,42,40,17,35,6,23,20200403
202003,관악02,관악02(낙성대역~서울대신공학관),120900095,21689,서울과학전시관,0,0,0,0,0,0,0,0,0,0,0,0,59,1,243,6,389,7,155,5,129,6,142,4,165,3,205,17,142,22,370,16,267,34,474,24,259,25,129,15,114,19,91,13,68,10,19,7,20200403
202003,관악02,관악02(낙성대역~서울대신공학관),120900102,21752,낙성대현대아파트,0,0,0,0,0,0,0,0,0,0,0,0,25,14,63,3,71,24,70,30,27,29,33,40,38,50,19,58,22,61,24,90,21,79,13,134,29,272,22,146,14,98,13,97,5,62,5,57,20200403
202003,관악02,관악02(낙성대역~서울대신공학관),120900110,21771,낙성대입구,0,0,0,0,0,0,0,0,0,0,0,0,3,43,5,91,11,136,22,158,11,165,6,314,13,365,8,331,7,403,7,540,10,741,17,1001,17,1457,11,755,11,485,2,522,0,327,2,264,20200403
202003,관악02,관악02(낙성대역~서울대신공학관),120900119,21785,낙성대역,0,0,0,0,0,0,0,0,0,0,626,318,1872,505,3482,172,6427,119,6526,154,4556,105,3143,109,3034,137,3050,178,2371,136,2195,143,1980,300,1887,306,2413,597,2153,247,2185,225,2376,254,2298,164,1371,102,20200403
202003,관악02,관악02(낙성대역~서울대신공학관),120900119,21785,낙성대역,0,0,0,0,0,0,0,0,0,0,22,13,104,398,224,902,2452,1833,1604,1523,1445,1311,935,1789,935,2233,661,2219,722,2826,427,3559,493,4393,678,5834,529,6698,483,3822,332,2574,340,2549,587,1758,641,1113,20200403
202003,관악02,관악02(낙성대역~서울대신공학관),120900131,21844,낙성대현대아파트,0,0,0,0,0,0,0,0,0,0,0,0,27,4,39,32,134,230,149,56,99,60,75,39,84,57,54,40,51,42,39,54,68,50,32,43,29,65,13,38,14,40,13,43,11,44,6,35,20200403
202003,관악02,관악02(낙성대역~서울대신공학관),120900136,21858,낙성대공원.영어마을,0,0,0,0,0,0,0,0,0,0,0,0,3,16,20,74,34,135,61,30,34,59,32,66,33,42,36,75,40,53,34,75,17,29,17,18,23,29,15,28,10,17,9,12,5,10,2,4,20200403
202003,관악02,관악02(낙성대역~서울대신공학관),120900140,21864,서울과학전시관,0,0,0,0,0,0,0,0,0,0,0,0,0,65,3,138,2,165,6,95,2,53,1,29,5,33,10,51,5,35,9,22,1,28,5,40,5,57,2,42,2,55,0,33,0,19,0,8,20200403
202003,관악02,관악02(낙성대역~서울대신공학관),120900153,21882,호암교수회관,1,0,0,0,0,0,0,0,0,0,0,0,6,2,0,0,0,0,0,0,0,0,68,52,56,69,51,50,45,52,31,47,12,64,9,58,11,76,8,48,7,33,4,45,1,40,1,22,20200403
202003,관악02,관악02(낙성대역~서울대신공학관),120900157,21887,가족생활동,0,0,0,0,0,0,0,0,0,0,0,0,0,2,0,0,0,0,0,0,0,1,47,132,64,276,62,215,51,179,70,135,68,184,43,293,54,258,15,252,9,190,13,204,1,171,3,147,20200403
202003,관악02,관악02(낙성대역~서울대신공학관),120900159,21892,서울대후문.연구공원,0,7,0,0,0,0,0,0,0,0,0,0,0,27,1,22,0,36,1,19,0,23,151,240,168,354,161,332,138,310,179,279,136,292,100,421,97,338,69,421,35,454,23,492,42,515,7,452,20200403
202003,관악02,관악02(낙성대역~서울대신공학관),120900161,21895,학부생활관,1,42,0,0,0,0,0,0,0,0,0,0,2,195,5,164,18,290,32,224,19,186,36,228,57,339,72,377,25,326,28,382,35,415,17,461,23,609,12,648,5,701,3,767,5,857,3,975,20200403
202003,관악02,관악02(낙성대역~서울대신공학관),120900162,21897,대학원생활관,0,34,0,0,0,0,0,0,0,0,0,0,8,115,10,108,35,419,52,377,41,334,50,286,85,370,69,499,39,453,32,465,30,459,17,486,23,647,14,615,15,735,7,815,7,1016,4,910,20200403
202003,관악02,관악02(낙성대역~서울대신공학관),120900163,21899,기숙사삼거리,0,0,0,0,0,0,0,0,0,0,0,0,8,187,22,189,91,797,90,944,91,659,113,459,106,491,82,527,43,478,28,518,16,360,22,305,12,248,14,96,12,93,6,53,6,64,0,17,20200403
202003,관악02,관악02(낙성대역~서울대신공학관),120900164,21904,제2파워플랜트,0,0,0,0,0,0,0,0,0,0,0,0,0,18,0,28,0,45,0,101,0,114,0,103,2,72,0,32,2,32,3,13,0,15,6,7,1,2,19,4,9,2,0,2,5,1,6,0,20200403
202003,관악02,관악02(낙성대역~서울대신공학관),120900165,21905,건설환경종합연구소,0,0,0,0,0,0,0,0,0,0,0,0,0,40,1,45,0,114,6,344,9,970,9,624,18,334,21,134,7,104,17,31,11,21,15,15,23,6,0,2,0,2,0,3,0,1,2,0,20200403
202003,관악02,관악02(낙성대역~서울대신공학관),120900172,21915,노천강당,0,0,0,0,0,0,0,0,0,0,0,0,0,368,4,677,7,1860,11,2021,11,1222,21,826,16,779,16,862,19,820,11,534,3,392,8,253,9,194,5,107,2,73,4,48,3,32,15,7,20200403
202003,관악02,관악02(낙성대역~서울대신공학관),120900172,21915,노천강당,0,0,0,0,0,0,0,0,0,0,0,0,40,25,15,5,36,3,53,5,90,10,171,10,228,11,274,18,430,8,753,23,1217,14,1640,7,1810,27,1061,20,1157,20,1250,13,543,18,169,10,20200403
202003,관악02,관악02(낙성대역~서울대신공학관),120900181,21738,낙성대공원.영어마을,0,0,0,0,0,0,0,0,0,0,0,0,0,9,0,0,41,12,9,21,25,16,45,21,27,13,26,29,118,45,96,55,107,49,85,63,58,75,12,78,19,58,16,74,7,36,13,30,20200403
202003,관악02,관악02(낙성대역~서울대신공학관),120900182,21765,인헌초등학교,0,0,0,0,0,0,0,0,0,0,0,0,5,6,21,25,78,68,31,99,14,88,18,176,14,248,13,225,14,184,14,259,17,357,19,673,19,1120,13,623,4,385,5,299,9,254,6,211,20200403
202003,관악02,관악02(낙성대역~서울대신공학관),120900183,21800,낙성대입구,0,0,0,0,0,0,0,0,0,0,0,0,220,39,182,30,740,64,559,51,409,66,363,35,443,43,452,31,368,36,338,110,258,101,264,203,314,240,343,189,386,82,316,33,340,45,344,34,20200403
202003,관악02,관악02(낙성대역~서울대신공학관),120900184,21819,인헌초등학교,0,0,0,0,0,0,0,0,0,0,0,0,27,8,112,40,232,86,183,47,140,44,165,23,235,32,232,33,205,31,105,37,115,57,127,64,130,92,95,89,109,66,107,36,82,50,83,57,20200403
202003,관악02,관악02(낙성대역~서울대신공학관),120900185,21870,호암교수회관,0,0,0,0,0,0,0,0,0,0,0,0,0,6,1,8,0,9,1,10,2,21,0,18,1,29,1,24,5,35,5,43,1,45,1,72,1,117,0,66,0,65,1,80,1,52,0,41,20200403
202003,관악02,관악02(낙성대역~서울대신공학관),120900185,21870,호암교수회관,0,1,0,0,0,0,0,0,0,0,0,0,60,411,103,1026,789,2066,861,1547,496,829,14,137,1,130,3,115,6,136,5,144,2,160,0,154,3,267,1,276,0,226,0,168,2,182,1,149,20200403
202003,관악02,관악02(낙성대역~서울대신공학관),120900196,21574,학부생활관,0,0,0,0,0,0,0,0,0,0,0,0,33,16,82,25,208,86,305,22,307,16,437,24,678,26,617,21,524,26,544,17,695,40,1037,37,1040,50,588,41,317,22,323,34,196,16,178,23,20200403
202004,관악02,관악02(낙성대역~서울대신공학관),120000172,21274,신소재연구소,0,0,0,0,0,0,0,0,0,0,0,0,5,19,2,79,1,198,4,244,6,219,7,112,7,100,25,103,46,54,50,57,26,25,39,40,19,34,34,22,11,7,19,17,5,15,0,2,20200503
202004,관악02,관악02(낙성대역~서울대신공학관),120000173,21275,제2공학관,0,0,0,0,0,0,0,0,0,0,3,0,30,63,32,200,54,753,118,1427,230,1579,380,1198,606,1264,873,1185,1293,848,1801,593,1770,418,1995,253,2682,211,1503,146,1069,87,940,66,1016,42,623,18,20200503
202004,관악02,관악02(낙성대역~서울대신공학관),120000174,21276,제1공학관,0,0,0,0,0,0,0,0,0,0,0,0,1,0,0,0,10,0,12,0,25,3,41,28,77,13,68,2,115,10,239,7,199,3,307,3,313,3,214,0,139,1,102,1,77,0,59,2,20200503
202004,관악02,관악02(낙성대역~서울대신공학관),120000175,21277,유전공학연구소.반도체공동연구소,0,0,0,0,0,0,0,0,0,0,0,0,14,0,11,0,20,0,28,2,32,7,99,3,101,3,100,6,178,1,243,11,296,3,770,13,1273,9,500,2,346,1,355,3,319,2,198,0,20200503
202004,관악02,관악02(낙성대역~서울대신공학관),120000176,21278,교수회관입구,0,0,0,0,0,0,0,0,0,0,0,0,1,0,2,0,28,0,19,3,31,1,76,0,54,3,122,3,173,6,231,4,260,4,420,4,532,3,174,3,114,2,98,0,50,0,32,0,20200503
202004,관악02,관악02(낙성대역~서울대신공학관),120000177,21279,관악사삼거리,0,0,0,0,0,0,0,0,0,0,0,0,104,32,31,2,179,10,77,5,128,4,213,8,239,16,250,13,319,26,327,25,507,23,669,42,791,76,356,87,234,66,280,87,264,86,139,63,20200503
202004,관악02,관악02(낙성대역~서울대신공학관),120000186,21288,공동기기원,0,0,0,0,0,0,0,0,0,0,0,0,3,81,2,148,7,1040,11,1125,8,815,4,484,11,380,13,359,5,250,13,131,7,95,8,64,4,53,3,42,2,39,0,36,1,14,1,4,20200503
202004,관악02,관악02(낙성대역~서울대신공학관),120000187,21289,유전공학연구소.반도체공동연구소,0,0,0,0,0,0,0,0,0,0,0,0,1,17,1,216,5,418,15,477,4,207,3,171,5,154,11,185,6,151,1,84,5,60,2,39,2,30,4,22,32,15,13,17,13,8,0,4,20200503
202004,관악02,관악02(낙성대역~서울대신공학관),120000188,21290,에너지자원연구소,0,0,0,0,0,0,0,0,0,0,0,0,2,16,0,83,1,462,6,487,3,325,0,212,13,271,11,342,14,220,9,138,4,84,6,70,3,53,0,33,6,20,4,16,9,13,0,8,20200503
202004,관악02,관악02(낙성대역~서울대신공학관),120900003,21595,가족생활동,0,0,0,0,0,0,0,0,0,0,0,0,63,2,176,3,212,16,218,3,101,15,126,7,134,6,120,16,142,15,262,23,338,31,412,39,306,49,184,31,92,20,83,25,155,22,45,16,20200503
202004,관악02,관악02(낙성대역~서울대신공학관),120900009,21585,BK국제관,0,0,0,0,0,0,0,0,0,0,0,0,68,14,131,9,233,14,310,10,302,16,439,13,487,16,503,22,507,31,500,31,675,60,902,45,769,62,588,57,299,39,306,54,217,31,95,33,20200503
202004,관악02,관악02(낙성대역~서울대신공학관),120900027,21564,대학원생활관,0,0,0,0,0,0,0,0,0,0,0,0,87,10,254,2,475,17,591,20,597,6,730,16,877,26,768,9,668,13,672,27,785,30,1015,27,1244,61,767,57,486,60,408,93,385,85,124,66,20200503
202004,관악02,관악02(낙성대역~서울대신공학관),120900090,21663,인헌아파트,0,0,0,0,0,0,0,0,0,0,5,1,155,26,388,10,561,36,267,9,182,9,141,13,119,20,145,22,136,29,110,32,108,44,101,59,67,92,71,53,43,68,28,35,17,42,12,20,20200503
202004,관악02,관악02(낙성대역~서울대신공학관),120900090,21663,인헌아파트,1,0,0,0,0,0,0,0,0,0,43,4,2,0,13,13,0,0,0,0,0,0,112,32,134,26,90,53,85,74,43,70,65,93,46,110,42,208,9,178,9,172,8,153,10,104,2,61,20200503
202004,관악02,관악02(낙성대역~서울대신공학관),120900095,21689,서울과학전시관,0,0,0,0,0,0,0,0,0,0,0,0,86,2,291,2,363,11,161,10,139,4,138,5,193,6,177,19,156,11,308,24,282,17,533,47,348,27,214,20,145,25,85,12,80,9,30,1,20200503
202004,관악02,관악02(낙성대역~서울대신공학관),120900102,21752,낙성대현대아파트,0,0,0,0,0,0,0,0,0,0,0,0,22,8,76,19,71,36,71,51,41,44,16,53,35,64,24,100,21,79,29,83,35,116,16,175,14,294,13,151,17,105,13,111,5,91,2,74,20200503
202004,관악02,관악02(낙성대역~서울대신공학관),120900110,21771,낙성대입구,0,0,0,0,0,0,0,0,0,0,0,0,3,65,8,107,19,124,25,160,14,196,14,319,10,464,6,518,10,621,9,715,13,898,5,1104,15,1680,12,1030,2,540,2,516,3,378,2,289,20200503
202004,관악02,관악02(낙성대역~서울대신공학관),120900119,21785,낙성대역,0,0,0,0,0,0,0,0,0,0,591,281,1619,453,3093,235,6614,254,6063,190,4967,147,3742,121,3779,189,3639,258,2824,105,2275,214,2337,246,2167,203,2361,322,2380,215,2352,184,2371,139,3003,209,2010,113,20200503
202004,관악02,관악02(낙성대역~서울대신공학관),120900119,21785,낙성대역,0,0,0,0,0,0,0,0,0,0,0,0,98,469,394,1079,2206,1858,2331,1700,1745,1673,811,1885,946,2460,677,2663,731,3258,604,4041,480,4896,707,6327,730,7452,562,4217,557,2520,793,2785,547,2098,524,1188,20200503
202004,관악02,관악02(낙성대역~서울대신공학관),120900131,21844,낙성대현대아파트,0,0,0,0,0,0,0,0,0,0,0,0,29,6,19,39,112,209,135,57,98,59,82,43,100,59,78,35,53,53,53,60,60,70,34,46,16,68,16,47,19,36,6,38,17,84,8,44,20200503
202004,관악02,관악02(낙성대역~서울대신공학관),120900136,21858,낙성대공원.영어마을,0,0,0,0,0,0,0,0,0,0,0,0,1,22,19,25,46,133,73,39,34,90,44,52,66,55,66,75,54,67,58,109,48,91,34,61,30,62,14,26,13,22,25,9,9,11,4,6,20200503
202004,관악02,관악02(낙성대역~서울대신공학관),120900140,21864,서울과학전시관,0,0,0,0,0,0,0,0,0,0,0,0,3,44,3,98,3,162,7,69,7,60,14,22,1,54,5,56,8,30,8,40,13,61,6,52,5,82,3,61,0,56,2,36,1,37,1,12,20200503
202004,관악02,관악02(낙성대역~서울대신공학관),120900153,21882,호암교수회관,0,0,0,0,0,0,0,0,0,0,0,0,9,1,0,0,0,0,1,1,3,0,66,48,44,82,44,57,40,42,16,50,18,72,10,55,14,73,7,58,5,52,0,58,0,46,0,37,20200503
202004,관악02,관악02(낙성대역~서울대신공학관),120900157,21887,가족생활동,0,3,0,0,0,0,0,0,0,0,0,0,0,0,0,0,1,13,1,1,2,3,62,162,89,328,69,241,69,211,84,184,47,204,55,316,28,268,13,314,14,227,5,241,4,193,5,172,20200503
202004,관악02,관악02(낙성대역~서울대신공학관),120900159,21892,서울대후문.연구공원,0,4,0,0,0,0,0,0,0,0,0,0,0,13,1,12,3,43,5,18,2,18,158,227,181,435,207,375,200,363,173,290,163,276,124,421,108,361,49,462,29,508,28,582,34,647,11,574,20200503
202004,관악02,관악02(낙성대역~서울대신공학관),120900161,21895,학부생활관,0,36,0,0,0,0,0,0,0,0,0,0,0,172,6,145,33,310,22,203,16,216,40,209,52,328,50,390,22,374,30,404,29,369,33,490,25,581,18,636,7,729,6,926,5,1073,4,1189,20200503
202004,관악02,관악02(낙성대역~서울대신공학관),120900162,21897,대학원생활관,0,33,0,0,0,0,0,0,0,0,0,0,4,122,11,125,32,433,37,377,53,319,56,313,120,484,97,420,43,544,46,464,28,498,14,557,32,686,18,729,17,892,17,966,8,1376,5,1259,20200503
202004,관악02,관악02(낙성대역~서울대신공학관),120900163,21899,기숙사삼거리,0,3,0,0,0,0,0,0,0,0,0,0,9,176,26,213,64,784,75,930,93,691,144,466,131,544,125,569,61,553,51,491,29,367,24,298,38,220,13,110,8,96,11,66,7,76,2,24,20200503
202004,관악02,관악02(낙성대역~서울대신공학관),120900164,21904,제2파워플랜트,0,0,0,0,0,0,0,0,0,0,0,0,0,31,0,31,0,56,0,104,0,127,0,117,6,69,7,51,14,36,4,13,1,15,7,4,0,3,1,1,0,0,0,1,0,0,0,0,20200503
202004,관악02,관악02(낙성대역~서울대신공학관),120900165,21905,건설환경종합연구소,0,0,0,0,0,0,0,0,0,0,0,0,1,69,2,72,2,183,6,555,17,1320,44,923,56,355,60,233,27,168,28,69,13,30,13,21,32,5,16,3,3,3,1,1,0,3,0,2,20200503
202004,관악02,관악02(낙성대역~서울대신공학관),120900172,21915,노천강당,0,0,0,0,0,0,0,0,0,0,0,0,0,314,1,597,3,1709,15,2207,20,1292,15,838,10,955,20,980,11,844,17,651,26,465,13,330,6,224,7,115,1,83,3,45,0,28,30,10,20200503
202004,관악02,관악02(낙성대역~서울대신공학관),120900172,21915,노천강당,0,0,0,0,0,0,0,0,0,0,0,0,43,27,15,3,26,1,37,7,118,4,182,6,248,10,282,16,445,11,664,25,1293,18,1704,23,1911,36,1042,22,1140,23,1225,22,566,19,200,18,20200503
202004,관악02,관악02(낙성대역~서울대신공학관),120900181,21738,낙성대공원.영어마을,0,0,0,0,0,0,0,0,0,0,0,0,1,11,11,6,34,5,10,18,37,26,33,34,54,31,75,52,187,50,143,66,134,75,153,101,70,122,38,58,15,60,25,81,15,49,10,23,20200503
202004,관악02,관악02(낙성대역~서울대신공학관),120900182,21765,인헌초등학교,0,0,0,0,0,0,0,0,0,0,0,0,5,13,36,43,70,83,19,108,34,112,30,284,20,400,27,367,18,356,22,355,29,486,24,806,11,1240,3,664,3,473,5,348,13,296,3,241,20200503
202004,관악02,관악02(낙성대역~서울대신공학관),120900183,21800,낙성대입구,0,0,0,0,0,0,0,0,0,0,31,13,269,57,153,23,621,50,415,53,245,37,448,62,618,121,538,78,428,75,378,72,301,104,306,260,380,312,362,169,404,80,492,112,438,78,424,56,20200503
202004,관악02,관악02(낙성대역~서울대신공학관),120900184,21819,인헌초등학교,0,0,0,0,0,0,0,0,0,0,0,0,27,10,121,47,211,91,196,67,184,39,166,45,323,34,310,34,226,39,174,39,193,57,112,69,142,81,150,71,133,52,117,43,104,49,80,61,20200503
202004,관악02,관악02(낙성대역~서울대신공학관),120900185,21870,호암교수회관,0,0,0,0,0,0,0,0,0,0,0,0,0,9,0,5,4,22,2,11,0,11,1,17,0,45,7,33,2,26,0,44,3,61,4,88,1,109,2,58,0,58,2,63,0,30,0,18,20200503
202004,관악02,관악02(낙성대역~서울대신공학관),120900185,21870,호암교수회관,0,2,0,0,0,0,0,0,0,0,0,0,48,401,118,906,864,2146,943,1500,497,1004,24,115,4,194,0,165,4,125,5,147,3,327,0,201,2,306,1,338,0,244,0,187,1,201,3,136,20200503
202004,관악02,관악02(낙성대역~서울대신공학관),120900196,21574,학부생활관,0,0,0,0,0,0,0,0,0,0,0,0,67,11,118,13,215,97,303,19,320,19,508,24,739,24,695,34,595,14,646,27,765,41,1219,29,1290,64,627,30,354,30,340,34,261,29,191,16,20200503
202005,관악02,관악02(낙성대역~서울대신공학관),120000172,21274,신소재연구소,0,0,0,0,0,0,0,0,0,0,0,0,4,18,1,78,1,197,4,269,5,206,8,148,10,91,9,84,20,75,43,73,17,44,21,40,33,33,31,19,12,8,9,8,7,12,1,3,20200603
202005,관악02,관악02(낙성대역~서울대신공학관),120000173,21275,제2공학관,0,0,0,0,0,0,0,0,0,0,0,0,38,71,46,221,80,832,98,1416,179,1617,379,1251,553,1200,708,1271,1130,795,1331,641,1733,515,2085,261,2787,227,1473,160,1096,107,1000,81,992,53,661,17,20200603
202005,관악02,관악02(낙성대역~서울대신공학관),120000174,21276,제1공학관,0,0,0,0,0,0,0,0,0,0,0,0,6,0,4,0,13,3,17,2,14,4,38,2,64,3,95,7,115,16,150,9,168,4,401,3,351,4,213,1,184,1,120,0,117,0,61,0,20200603
202005,관악02,관악02(낙성대역~서울대신공학관),120000175,21277,유전공학연구소.반도체공동연구소,0,0,0,0,0,0,0,0,0,0,0,0,13,0,14,1,20,1,21,1,43,2,118,4,143,3,99,11,160,5,186,5,367,11,873,11,1263,10,540,3,347,0,369,4,283,3,207,0,20200603
202005,관악02,관악02(낙성대역~서울대신공학관),120000176,21278,교수회관입구,0,0,0,0,0,0,0,0,0,0,0,0,6,0,4,1,23,0,25,0,29,2,133,8,145,14,129,0,157,2,249,5,316,7,432,3,637,2,184,3,141,1,95,0,53,1,34,1,20200603
202005,관악02,관악02(낙성대역~서울대신공학관),120000177,21279,관악사삼거리,0,0,0,0,0,0,0,0,0,0,0,0,104,35,54,9,223,6,125,5,103,5,203,4,255,17,237,13,277,19,343,13,441,30,803,34,786,74,390,84,295,80,277,98,284,109,188,69,20200603
202005,관악02,관악02(낙성대역~서울대신공학관),120000186,21288,공동기기원,0,0,0,0,0,0,0,0,0,0,0,0,0,111,2,184,3,1130,6,1194,5,872,14,513,13,436,21,401,10,221,12,165,10,106,13,109,6,52,2,52,0,53,4,44,2,13,0,2,20200603
202005,관악02,관악02(낙성대역~서울대신공학관),120000187,21289,유전공학연구소.반도체공동연구소,0,0,0,0,0,0,0,0,0,0,0,0,0,20,0,208,7,425,17,488,9,290,1,175,3,138,7,181,2,120,8,91,5,49,1,34,0,24,0,17,0,25,2,12,13,9,0,3,20200603
202005,관악02,관악02(낙성대역~서울대신공학관),120000188,21290,에너지자원연구소,0,0,0,0,0,0,0,0,0,0,2,1,4,23,0,84,0,486,5,498,7,386,1,215,3,263,12,339,10,237,12,134,6,96,6,54,3,44,8,44,14,31,7,17,18,17,1,6,20200603
202005,관악02,관악02(낙성대역~서울대신공학관),120900003,21595,가족생활동,0,0,0,0,0,0,0,0,0,0,0,0,30,0,200,2,255,13,204,7,96,11,129,9,176,23,122,15,149,16,253,16,366,34,420,53,346,49,208,32,107,13,87,24,162,17,42,8,20200603
202005,관악02,관악02(낙성대역~서울대신공학관),120900009,21585,BK국제관,0,0,0,0,0,0,0,0,0,0,0,0,94,11,175,19,302,31,327,13,396,9,569,17,616,32,539,22,576,41,596,35,738,67,1012,59,991,84,552,61,300,44,295,40,204,38,93,34,20200603
202005,관악02,관악02(낙성대역~서울대신공학관),120900027,21564,대학원생활관,0,0,0,0,0,0,0,0,0,0,0,0,102,11,311,9,525,34,708,26,674,9,811,6,888,15,811,16,782,13,692,15,858,12,1083,53,1228,66,785,48,569,62,446,71,458,98,183,70,20200603
202005,관악02,관악02(낙성대역~서울대신공학관),120900090,21663,인헌아파트,0,0,0,0,0,0,0,0,0,0,0,0,139,21,420,5,620,29,328,21,192,9,157,16,175,24,199,28,150,20,138,34,134,39,132,77,97,86,50,58,47,71,39,39,9,47,5,34,20200603
202005,관악02,관악02(낙성대역~서울대신공학관),120900090,21663,인헌아파트,0,2,0,0,0,0,0,0,0,0,40,3,7,0,10,0,0,0,0,0,0,1,73,38,103,52,112,69,80,62,54,100,53,106,48,104,51,218,21,202,18,168,12,167,12,150,9,74,20200603
202005,관악02,관악02(낙성대역~서울대신공학관),120900095,21689,서울과학전시관,0,0,0,0,0,0,0,0,0,0,0,0,93,2,383,3,446,13,217,14,201,6,213,7,297,10,291,18,291,16,429,27,378,23,687,47,389,46,194,36,171,28,104,10,96,13,29,6,20200603
202005,관악02,관악02(낙성대역~서울대신공학관),120900102,21752,낙성대현대아파트,0,0,0,0,0,0,0,0,0,0,0,0,22,12,65,25,97,34,60,25,42,42,32,58,33,56,27,70,40,73,40,77,33,98,31,188,24,330,11,196,15,109,10,97,16,80,5,59,20200603
202005,관악02,관악02(낙성대역~서울대신공학관),120900110,21771,낙성대입구,0,0,0,0,0,0,0,0,0,0,0,0,6,65,8,126,28,153,29,171,9,206,13,393,10,598,15,594,5,566,8,721,15,977,12,1324,7,1679,11,1015,4,576,6,648,4,406,4,311,20200603
202005,관악02,관악02(낙성대역~서울대신공학관),120900119,21785,낙성대역,0,0,0,0,0,0,0,0,0,0,651,291,1733,430,3118,224,6824,290,6749,161,5304,102,3814,120,4279,99,4084,151,3439,142,2732,161,2560,214,2640,302,2224,287,2288,192,2767,122,3005,128,3416,110,2381,54,20200603
202005,관악02,관악02(낙성대역~서울대신공학관),120900119,21785,낙성대역,0,0,0,0,0,0,0,0,0,0,35,16,254,506,712,1447,2685,2211,2331,2188,1896,1885,983,2482,1076,3219,946,2916,584,3600,740,4179,701,5605,728,7042,1244,7802,842,4476,531,2952,595,3067,627,2345,599,1375,20200603
202005,관악02,관악02(낙성대역~서울대신공학관),120900131,21844,낙성대현대아파트,0,0,0,0,0,0,0,0,0,0,0,0,6,25,35,59,160,200,159,75,111,91,96,47,121,60,78,43,55,75,53,50,51,95,32,79,37,81,23,64,21,40,15,37,8,40,11,34,20200603
202005,관악02,관악02(낙성대역~서울대신공학관),120900136,21858,낙성대공원.영어마을,0,0,0,0,0,0,0,0,0,0,0,0,8,36,33,49,32,153,48,89,32,135,32,86,47,78,69,168,41,89,34,93,25,67,23,67,29,53,25,35,19,28,4,19,2,6,4,7,20200603
202005,관악02,관악02(낙성대역~서울대신공학관),120900140,21864,서울과학전시관,0,0,0,0,0,0,0,0,0,0,0,0,0,58,2,70,4,140,1,88,5,71,0,43,13,94,5,63,8,68,6,64,10,90,4,82,6,87,4,58,0,63,4,59,3,37,1,23,20200603
202005,관악02,관악02(낙성대역~서울대신공학관),120900153,21882,호암교수회관,0,0,0,0,0,0,0,0,0,0,0,0,19,0,0,0,0,0,1,1,0,2,76,58,51,87,51,83,28,86,26,56,20,93,18,68,14,69,8,49,5,52,4,64,2,47,2,48,20200603
202005,관악02,관악02(낙성대역~서울대신공학관),120900157,21887,가족생활동,0,0,0,0,0,0,0,0,0,0,0,0,0,0,0,8,0,4,0,4,0,5,72,186,65,366,88,236,64,235,77,204,60,271,29,274,49,224,24,298,10,206,10,269,9,200,3,196,20200603
202005,관악02,관악02(낙성대역~서울대신공학관),120900159,21892,서울대후문.연구공원,0,5,0,0,0,0,0,0,0,0,0,0,0,22,2,29,4,54,7,20,4,17,186,213,216,468,241,431,211,468,221,397,156,351,131,447,143,451,51,518,41,592,40,685,23,748,13,719,20200603
202005,관악02,관악02(낙성대역~서울대신공학관),120900161,21895,학부생활관,0,17,0,0,0,0,0,0,0,0,0,0,5,204,7,173,26,353,24,256,29,226,30,224,63,362,57,399,38,415,27,442,23,442,26,619,41,732,31,743,13,939,13,906,14,1203,2,1334,20200603
202005,관악02,관악02(낙성대역~서울대신공학관),120900162,21897,대학원생활관,0,51,0,0,0,0,0,0,0,0,0,0,8,150,19,180,28,513,49,470,76,397,72,415,133,550,127,571,47,553,41,621,22,560,31,643,26,783,19,763,22,907,11,1045,15,1550,5,1468,20200603
202005,관악02,관악02(낙성대역~서울대신공학관),120900163,21899,기숙사삼거리,0,0,0,0,0,0,0,0,0,0,0,0,7,189,18,209,61,893,77,1008,100,844,178,611,159,604,124,740,71,567,41,488,47,374,20,309,22,347,17,159,11,116,7,83,4,64,3,40,20200603
202005,관악02,관악02(낙성대역~서울대신공학관),120900164,21904,제2파워플랜트,0,0,0,0,0,0,0,0,0,0,0,0,0,33,0,32,0,57,2,130,0,130,1,112,0,62,2,32,8,27,2,19,5,10,4,6,0,4,8,5,3,3,0,2,0,0,0,0,20200603
202005,관악02,관악02(낙성대역~서울대신공학관),120900165,21905,건설환경종합연구소,0,0,0,0,0,0,0,0,0,0,0,0,1,72,1,62,2,144,5,395,9,1128,13,726,12,204,56,145,34,111,21,79,32,46,23,17,7,19,0,5,5,6,2,0,2,2,0,0,20200603
202005,관악02,관악02(낙성대역~서울대신공학관),120900172,21915,노천강당,0,0,0,0,0,0,0,0,0,0,0,0,0,396,3,716,4,1873,6,2377,19,1375,19,964,11,1011,19,1297,11,938,21,685,17,499,35,335,11,213,2,145,3,108,8,35,0,47,38,12,20200603
202005,관악02,관악02(낙성대역~서울대신공학관),120900172,21915,노천강당,0,0,0,0,0,0,0,0,0,0,0,0,42,28,13,3,28,1,57,3,128,4,303,11,319,12,348,15,515,22,794,21,1497,18,1841,58,2060,38,1091,11,1208,16,1401,20,596,21,230,11,20200603
202005,관악02,관악02(낙성대역~서울대신공학관),120900181,21738,낙성대공원.영어마을,0,0,0,0,0,0,0,0,0,0,0,0,4,14,12,7,41,39,33,29,40,26,75,31,75,43,85,45,177,36,183,43,190,44,221,66,116,114,44,55,36,63,20,68,14,40,11,27,20200603
202005,관악02,관악02(낙성대역~서울대신공학관),120900182,21765,인헌초등학교,0,0,0,0,0,0,0,0,0,0,0,0,2,18,26,57,114,100,15,107,44,95,29,259,42,351,21,273,22,287,29,368,17,397,28,781,16,1374,11,690,4,445,2,365,9,262,5,264,20200603
202005,관악02,관악02(낙성대역~서울대신공학관),120900183,21800,낙성대입구,0,0,0,0,0,0,0,0,0,0,12,6,347,63,227,41,670,71,413,49,282,30,374,26,654,74,592,33,491,73,345,48,338,127,314,243,414,345,389,154,464,60,449,53,473,77,445,66,20200603
202005,관악02,관악02(낙성대역~서울대신공학관),120900184,21819,인헌초등학교,0,0,0,0,0,0,0,0,0,0,31,16,36,22,119,53,211,83,218,71,150,49,216,46,315,56,302,43,241,45,178,58,148,71,109,60,148,72,149,80,187,60,132,49,117,58,80,63,20200603
202005,관악02,관악02(낙성대역~서울대신공학관),120900185,21870,호암교수회관,0,0,0,0,0,0,0,0,0,0,0,0,1,10,0,1,2,29,3,12,3,22,23,35,3,25,3,29,4,21,1,26,0,53,3,90,2,105,1,48,0,59,1,53,0,30,1,33,20200603
202005,관악02,관악02(낙성대역~서울대신공학관),120900185,21870,호암교수회관,0,2,0,0,0,0,0,0,0,0,0,0,53,459,156,862,1011,2476,1102,1690,614,1132,10,163,3,350,8,270,9,307,8,223,5,282,4,263,0,380,0,330,3,326,3,277,1,252,2,182,20200603
202005,관악02,관악02(낙성대역~서울대신공학관),120900196,21574,학부생활관,0,0,0,0,0,0,0,0,0,0,0,0,64,12,218,22,228,110,360,35,385,23,577,23,849,24,742,38,672,17,714,34,853,39,1185,40,1343,59,696,47,346,43,419,53,290,19,149,31,20200603
202006,관악02,관악02(낙성대역~서울대신공학관),120000172,21274,신소재연구소,0,0,0,0,0,0,0,0,0,0,0,0,1,31,2,75,4,247,4,343,7,237,6,154,27,108,19,111,18,70,43,52,41,35,35,45,38,22,56,23,34,23,63,17,18,5,3,2,20210512
202006,관악02,관악02(낙성대역~서울대신공학관),120000173,21275,제2공학관,0,0,0,0,0,0,0,0,0,0,5,2,84,138,54,439,91,1341,142,2101,340,2457,533,1628,966,1557,766,1541,982,1022,1232,789,1542,550,2491,391,3087,376,1719,190,1243,140,1385,128,1307,87,780,42,20210512
202006,관악02,관악02(낙성대역~서울대신공학관),120000174,21276,제1공학관,0,0,0,0,0,0,0,0,0,0,0,0,9,1,4,0,24,2,22,2,39,2,80,8,176,6,168,6,157,5,176,11,235,16,351,4,383,2,318,0,250,1,197,1,160,0,94,0,20210512
202006,관악02,관악02(낙성대역~서울대신공학관),120000175,21277,유전공학연구소.반도체공동연구소,0,0,0,0,0,0,0,0,0,0,0,0,15,0,21,0,24,1,29,1,62,3,131,2,151,8,114,3,175,4,221,6,392,10,923,24,1234,5,478,6,363,5,404,1,309,1,219,2,20210512
202006,관악02,관악02(낙성대역~서울대신공학관),120000176,21278,교수회관입구,0,0,0,0,0,0,0,0,0,0,0,0,3,0,9,3,25,2,23,3,25,4,90,0,107,4,136,1,174,8,379,3,405,7,650,6,689,5,232,1,140,1,115,0,77,2,36,0,20210512
202006,관악02,관악02(낙성대역~서울대신공학관),120000177,21279,관악사삼거리,0,0,0,0,0,0,0,0,0,0,0,0,94,37,62,6,293,9,122,2,150,9,256,16,286,18,286,20,351,17,486,25,674,16,916,51,949,107,444,98,325,101,332,131,379,108,207,63,20210512
202006,관악02,관악02(낙성대역~서울대신공학관),120000186,21288,공동기기원,0,0,0,0,0,0,0,0,0,0,0,0,1,98,3,229,8,1214,11,1606,20,941,10,479,24,371,17,376,21,225,11,228,16,136,15,107,6,59,0,46,0,32,9,36,0,18,0,6,20210512
202006,관악02,관악02(낙성대역~서울대신공학관),120000187,21289,유전공학연구소.반도체공동연구소,0,0,0,0,0,0,0,0,0,0,0,0,1,34,3,256,3,550,17,648,6,328,7,158,6,146,6,153,8,129,5,84,6,65,6,38,5,35,25,24,5,24,7,10,4,19,0,1,20210512
202006,관악02,관악02(낙성대역~서울대신공학관),120000188,21290,에너지자원연구소,0,0,0,0,0,0,0,0,0,0,0,0,9,48,0,81,5,621,5,689,7,495,3,293,10,304,4,353,9,214,4,168,18,122,10,109,8,103,32,31,30,22,23,23,9,21,0,6,20210512
202006,관악02,관악02(낙성대역~서울대신공학관),120900003,21595,가족생활동,0,0,0,0,0,0,0,0,0,0,0,0,31,2,266,2,248,14,215,5,102,18,161,6,159,25,141,29,150,16,287,32,406,32,424,56,508,75,218,39,123,26,77,34,159,20,51,17,20210512
202006,관악02,관악02(낙성대역~서울대신공학관),120900009,21585,BK국제관,0,0,0,0,0,0,0,0,0,0,1,0,103,9,188,13,317,45,332,11,382,31,579,34,583,31,535,55,617,58,632,56,839,76,1140,80,1094,112,647,95,335,70,263,60,226,55,99,48,20210512
202006,관악02,관악02(낙성대역~서울대신공학관),120900027,21564,대학원생활관,0,0,0,0,0,0,0,0,0,0,2,0,122,20,392,10,547,49,651,27,610,18,760,16,835,44,756,21,728,31,627,33,837,40,1096,47,1216,108,812,102,517,71,436,140,469,126,221,82,20210512
202006,관악02,관악02(낙성대역~서울대신공학관),120900090,21663,인헌아파트,0,1,0,0,0,0,0,0,0,0,36,2,0,0,0,0,0,0,0,0,0,0,140,54,116,61,128,59,74,86,36,98,58,105,51,120,37,235,32,241,15,191,16,192,12,117,5,97,20210512
202006,관악02,관악02(낙성대역~서울대신공학관),120900090,21663,인헌아파트,0,0,0,0,0,0,0,0,0,0,3,1,205,23,503,12,743,33,342,14,190,9,198,24,153,36,173,27,160,23,142,28,139,29,115,60,83,102,67,70,52,69,22,46,21,52,11,28,20210512
202006,관악02,관악02(낙성대역~서울대신공학관),120900095,21689,서울과학전시관,0,0,0,0,0,0,0,0,0,0,0,0,137,3,411,4,534,10,278,3,269,14,263,14,248,11,359,19,299,13,422,27,416,28,609,39,655,56,223,31,209,43,136,17,115,17,44,12,20210512
202006,관악02,관악02(낙성대역~서울대신공학관),120900102,21752,낙성대현대아파트,0,0,0,0,0,0,0,0,0,0,0,0,23,19,108,14,107,76,80,73,52,55,45,72,39,77,43,91,37,84,36,83,25,104,26,225,9,331,28,214,15,103,11,115,7,107,0,128,20210512
202006,관악02,관악02(낙성대역~서울대신공학관),120900110,21771,낙성대입구,0,0,0,0,0,0,0,0,0,0,0,0,4,59,15,131,22,162,31,194,6,230,13,501,16,656,9,606,8,644,6,594,18,970,11,1520,12,1935,9,1076,7,697,9,638,3,619,6,493,20210512
202006,관악02,관악02(낙성대역~서울대신공학관),120900119,21785,낙성대역,0,0,0,0,0,0,0,0,0,0,770,401,2109,476,3606,98,8810,137,7697,79,5360,88,4044,113,4838,144,4135,131,3466,133,2965,106,2694,123,2145,132,2416,350,2498,206,2570,131,2770,123,3228,144,2468,109,20210512
202006,관악02,관악02(낙성대역~서울대신공학관),120900119,21785,낙성대역,0,0,0,0,0,0,0,0,0,0,0,3,395,654,785,1575,2475,2649,3099,2260,2448,2176,1282,2746,1003,3302,782,3430,724,3604,743,4588,1074,5782,1395,7996,1329,8884,905,4835,744,3283,792,3134,738,2809,250,1695,20210512
202006,관악02,관악02(낙성대역~서울대신공학관),120900131,21844,낙성대현대아파트,0,0,0,0,0,0,0,0,0,0,0,0,30,33,83,100,244,192,207,83,185,88,113,35,153,71,111,55,80,61,62,72,55,142,44,88,41,88,20,83,16,62,11,36,9,41,15,29,20210512
202006,관악02,관악02(낙성대역~서울대신공학관),120900136,21858,낙성대공원.영어마을,0,0,0,0,0,0,0,0,0,0,3,1,28,33,37,57,53,148,90,91,45,73,50,72,53,78,50,81,38,49,23,59,44,195,48,81,23,80,30,48,16,30,16,12,7,20,8,8,20210512
202006,관악02,관악02(낙성대역~서울대신공학관),120900140,21864,서울과학전시관,0,0,0,0,0,0,0,0,0,0,1,0,3,49,1,92,7,233,3,93,5,94,3,50,4,90,8,86,6,65,2,69,10,74,0,83,4,99,2,60,0,55,2,53,2,40,0,29,20210512
202006,관악02,관악02(낙성대역~서울대신공학관),120900153,21882,호암교수회관,0,0,0,0,0,0,0,0,0,0,0,0,25,0,0,0,2,0,3,0,0,0,104,76,73,126,83,106,40,77,22,54,21,114,23,92,30,79,6,89,5,40,7,66,5,50,1,33,20210512
202006,관악02,관악02(낙성대역~서울대신공학관),120900157,21887,가족생활동,0,3,0,0,0,0,0,0,0,0,0,0,0,0,1,8,0,0,4,6,3,4,81,202,114,382,114,283,99,237,129,211,61,273,45,311,101,302,31,344,19,225,11,250,13,274,5,172,20210512
202006,관악02,관악02(낙성대역~서울대신공학관),120900159,21892,서울대후문.연구공원,1,16,0,0,0,0,0,0,0,0,0,0,0,37,1,28,3,46,14,37,8,28,300,220,286,597,318,464,286,399,284,391,235,439,176,439,181,440,86,482,64,558,50,622,46,733,24,688,20210512
202006,관악02,관악02(낙성대역~서울대신공학관),120900161,21895,학부생활관,0,51,0,0,0,0,0,0,0,0,0,0,12,291,46,182,107,370,83,265,117,232,91,252,139,389,157,448,72,380,90,455,66,502,53,626,86,652,34,757,28,856,21,956,20,1185,8,1226,20210512
202006,관악02,관악02(낙성대역~서울대신공학관),120900162,21897,대학원생활관,0,73,0,0,0,0,0,0,0,0,0,0,10,222,42,197,54,625,80,573,95,491,95,440,184,581,154,588,76,505,72,572,32,555,29,578,47,802,26,820,27,873,20,1031,21,1405,7,1308,20210512
202006,관악02,관악02(낙성대역~서울대신공학관),120900163,21899,기숙사삼거리,0,0,0,0,0,0,0,0,0,0,0,0,19,202,41,291,130,1091,224,1453,224,1089,209,849,140,833,129,893,69,670,48,595,50,457,41,368,45,378,20,218,12,182,9,99,4,82,2,50,20210512
202006,관악02,관악02(낙성대역~서울대신공학관),120900164,21904,제2파워플랜트,0,0,0,0,0,0,0,0,0,0,0,0,1,30,0,25,0,55,1,111,0,142,3,100,2,53,4,36,2,25,4,16,0,8,1,2,6,3,0,3,0,1,5,2,14,3,0,0,20210512
202006,관악02,관악02(낙성대역~서울대신공학관),120900165,21905,건설환경종합연구소,0,0,0,0,0,0,0,0,0,0,0,0,0,73,1,69,2,145,10,444,12,915,11,556,7,179,8,91,21,83,9,49,2,19,5,25,102,12,7,13,12,6,2,11,0,1,1,1,20210512
202006,관악02,관악02(낙성대역~서울대신공학관),120900172,21915,노천강당,0,0,0,0,0,0,0,0,0,0,0,0,0,435,1,980,2,2577,22,2912,28,1749,32,1275,24,1276,29,1366,32,1109,22,786,32,607,22,343,12,303,1,193,7,114,19,60,2,53,33,16,20210512
202006,관악02,관악02(낙성대역~서울대신공학관),120900172,21915,노천강당,0,0,0,0,0,0,0,0,0,0,0,0,39,29,11,5,33,2,69,8,228,29,397,21,436,40,472,23,670,24,912,31,1631,29,2089,49,2337,36,1224,28,1205,19,1256,54,1130,27,577,17,20210512
202006,관악02,관악02(낙성대역~서울대신공학관),120900181,21738,낙성대공원.영어마을,0,0,0,0,0,0,0,0,0,0,0,0,11,12,17,13,59,25,89,29,71,29,90,37,85,36,108,35,94,43,73,59,216,78,344,79,112,127,61,77,36,71,21,71,20,69,12,74,20210512
202006,관악02,관악02(낙성대역~서울대신공학관),120900182,21765,인헌초등학교,0,0,0,0,0,0,0,0,0,0,0,0,8,39,33,55,107,173,24,130,36,110,30,263,23,401,10,315,11,252,14,272,27,379,21,733,19,1508,2,809,14,501,6,411,13,344,2,299,20210512
202006,관악02,관악02(낙성대역~서울대신공학관),120900183,21800,낙성대입구,0,0,0,0,0,0,0,0,0,0,0,0,342,65,425,78,1188,67,779,61,539,42,448,69,625,77,682,83,410,59,397,53,361,71,309,175,390,192,426,148,432,80,412,47,465,74,450,42,20210512
202006,관악02,관악02(낙성대역~서울대신공학관),120900184,21819,인헌초등학교,0,0,0,0,0,0,0,0,0,0,0,0,32,28,152,72,423,82,378,58,227,52,253,45,393,32,392,45,275,42,192,61,159,71,157,74,136,106,184,72,186,44,163,46,123,54,109,63,20210512
202006,관악02,관악02(낙성대역~서울대신공학관),120900185,21870,호암교수회관,0,0,0,0,0,0,0,0,0,0,0,0,0,16,3,6,5,33,3,24,0,20,8,37,8,45,4,39,8,30,6,66,1,64,4,92,2,122,0,70,1,62,0,57,1,63,0,47,20210512
202006,관악02,관악02(낙성대역~서울대신공학관),120900185,21870,호암교수회관,0,2,0,0,0,0,0,0,0,0,0,0,100,493,238,1077,1234,2991,1427,2073,804,1199,20,198,13,415,7,249,4,246,12,250,4,362,5,332,5,491,4,418,6,288,1,292,0,290,3,197,20210512
202006,관악02,관악02(낙성대역~서울대신공학관),120900196,21574,학부생활관,0,0,0,0,0,0,0,0,0,0,0,0,83,17,164,14,313,134,420,42,437,34,652,32,949,33,793,36,734,54,713,45,830,69,1294,62,1294,87,812,71,427,41,416,69,327,46,192,75,20210512
202007,관악02,관악02(낙성대역~서울대신공학관),120000172,21274,신소재연구소,0,0,0,0,0,0,0,0,0,0,0,0,2,33,0,73,2,314,9,442,6,279,10,176,17,163,12,92,16,84,29,64,23,40,29,48,56,35,49,24,18,14,21,15,14,8,0,5,20210512
202007,관악02,관악02(낙성대역~서울대신공학관),120000173,21275,제2공학관,0,0,0,0,0,0,0,0,0,0,4,0,33,90,41,317,99,1461,147,3031,221,3265,416,1702,500,1231,591,1206,821,753,1229,505,1726,372,2739,247,3305,209,1776,190,1182,140,1083,91,963,54,699,11,20210512
202007,관악02,관악02(낙성대역~서울대신공학관),120000174,21276,제1공학관,0,0,0,0,0,0,0,0,0,0,0,0,13,0,9,3,21,1,24,0,43,12,60,14,95,9,94,2,148,28,132,19,252,16,381,3,514,0,338,0,242,0,158,0,107,0,68,0,20210512
202007,관악02,관악02(낙성대역~서울대신공학관),120000175,21277,유전공학연구소.반도체공동연구소,0,0,0,0,0,0,0,0,0,0,0,0,14,0,25,1,23,2,33,3,41,4,143,4,111,8,118,6,191,7,221,4,430,5,1418,17,1666,15,593,5,372,1,337,1,287,1,167,2,20210512
202007,관악02,관악02(낙성대역~서울대신공학관),120000176,21278,교수회관입구,0,0,0,0,0,0,0,0,0,0,0,0,15,0,4,0,29,1,28,0,24,2,129,3,130,1,148,5,204,5,570,8,595,4,709,8,803,6,334,3,173,0,117,1,73,2,47,1,20210512
202007,관악02,관악02(낙성대역~서울대신공학관),120000177,21279,관악사삼거리,0,0,0,0,0,0,0,0,0,0,0,0,87,38,93,3,417,8,192,4,162,8,246,6,252,9,259,12,311,9,366,22,530,24,848,38,893,164,369,109,256,103,260,117,238,101,126,73,20210512
202007,관악02,관악02(낙성대역~서울대신공학관),120000186,21288,공동기기원,0,0,0,0,0,0,0,0,0,0,0,0,1,129,2,220,6,1387,27,2220,21,1440,28,593,10,404,29,436,21,239,21,239,5,114,8,156,6,58,4,48,4,36,0,33,0,15,0,6,20210512
202007,관악02,관악02(낙성대역~서울대신공학관),120000187,21289,유전공학연구소.반도체공동연구소,0,0,0,0,0,0,0,0,0,0,0,0,0,23,1,242,4,693,19,889,18,460,9,176,16,136,17,185,10,136,5,97,8,77,7,61,2,41,3,22,0,27,0,22,0,14,0,4,20210512
202007,관악02,관악02(낙성대역~서울대신공학관),120000188,21290,에너지자원연구소,0,0,0,0,0,0,0,0,0,0,0,0,2,39,0,87,2,644,2,858,4,639,13,324,2,333,15,328,7,198,5,138,3,80,11,135,1,109,13,43,0,29,0,22,8,10,0,8,20210512
202007,관악02,관악02(낙성대역~서울대신공학관),120900003,21595,가족생활동,0,0,0,0,0,0,0,0,0,0,0,0,33,2,269,2,295,15,220,13,120,8,127,20,207,25,162,22,216,17,323,20,502,34,585,43,528,59,257,38,157,26,109,29,166,20,44,15,20210512
202007,관악02,관악02(낙성대역~서울대신공학관),120900009,21585,BK국제관,0,0,0,0,0,0,0,0,0,0,0,0,106,5,372,15,537,40,601,28,535,20,697,30,721,46,720,30,717,43,708,44,903,58,1570,77,1155,104,593,85,373,51,275,67,210,37,108,54,20210512
202007,관악02,관악02(낙성대역~서울대신공학관),120900027,21564,대학원생활관,0,0,0,0,0,0,0,0,0,0,0,0,149,17,480,13,868,40,997,37,809,13,917,10,1064,20,873,13,796,16,782,14,936,14,1304,44,1346,139,826,114,561,76,396,109,391,87,171,76,20210512
202007,관악02,관악02(낙성대역~서울대신공학관),120900090,21663,인헌아파트,0,0,0,0,0,0,0,0,0,0,7,1,239,25,521,11,672,26,393,23,210,9,212,15,222,26,168,27,136,34,169,50,137,44,120,89,108,130,54,53,54,47,30,32,15,51,15,36,20210512
202007,관악02,관악02(낙성대역~서울대신공학관),120900090,21663,인헌아파트,0,0,0,0,0,0,0,0,0,0,26,1,1,0,6,0,0,0,0,0,0,0,130,44,118,97,90,79,75,79,42,121,54,123,41,137,36,266,15,259,8,196,17,184,6,159,8,94,20210512
202007,관악02,관악02(낙성대역~서울대신공학관),120900095,21689,서울과학전시관,0,0,0,0,0,0,0,0,0,0,0,0,150,0,403,3,545,36,315,12,294,13,309,9,320,13,398,28,316,22,433,26,407,22,724,59,674,56,220,26,194,41,124,17,114,11,32,16,20210512
202007,관악02,관악02(낙성대역~서울대신공학관),120900102,21752,낙성대현대아파트,0,0,0,0,0,0,0,0,0,0,0,0,45,6,175,7,138,71,79,54,54,53,44,83,32,81,41,84,36,64,37,108,33,121,46,213,19,286,49,171,11,116,14,66,17,99,4,119,20210512
202007,관악02,관악02(낙성대역~서울대신공학관),120900110,21771,낙성대입구,0,0,0,0,0,0,0,0,0,0,0,0,3,55,18,199,19,200,44,221,32,261,6,406,13,629,4,546,16,644,16,732,25,882,39,1559,34,2029,12,1012,16,628,5,466,2,429,3,389,20210512
202007,관악02,관악02(낙성대역~서울대신공학관),120900119,21785,낙성대역,0,0,0,0,0,0,0,0,0,0,659,317,2220,540,3662,206,7878,237,8338,206,6860,108,3942,148,4491,211,3736,222,3022,117,2583,247,2995,182,2780,477,2994,679,2970,331,3199,327,3705,216,4816,294,3164,167,20210512
202007,관악02,관악02(낙성대역~서울대신공학관),120900119,21785,낙성대역,0,0,0,0,0,0,0,0,0,0,93,45,239,742,717,2016,4410,3430,4584,3115,1817,2553,1189,3164,1184,3584,992,3430,1244,3983,1025,4505,909,6435,933,8787,1187,9821,688,4827,532,2980,391,2566,231,2015,383,1376,20210512
202007,관악02,관악02(낙성대역~서울대신공학관),120900131,21844,낙성대현대아파트,0,0,0,0,0,0,0,0,0,0,0,0,25,29,55,135,292,213,380,77,230,82,137,48,170,47,112,54,85,59,53,47,81,170,29,103,37,96,31,70,15,56,16,46,9,54,4,26,20210512
202007,관악02,관악02(낙성대역~서울대신공학관),120900136,21858,낙성대공원.영어마을,0,0,0,0,0,0,0,0,0,0,0,0,21,24,49,90,76,200,78,68,55,63,57,72,42,60,48,56,41,58,32,72,43,207,68,51,31,62,25,37,15,30,14,32,13,14,11,17,20210512
202007,관악02,관악02(낙성대역~서울대신공학관),120900140,21864,서울과학전시관,0,0,0,0,0,0,0,0,0,0,0,0,0,40,2,101,8,268,0,74,3,87,2,65,0,88,7,91,0,67,4,74,4,88,3,79,2,83,5,79,2,64,2,58,0,51,0,24,20210512
202007,관악02,관악02(낙성대역~서울대신공학관),120900153,21882,호암교수회관,0,0,0,0,0,0,0,0,0,0,0,0,22,0,0,0,0,0,0,0,0,0,94,67,75,137,74,100,38,97,33,76,21,114,16,108,22,85,11,110,12,53,2,62,3,54,2,42,20210512
202007,관악02,관악02(낙성대역~서울대신공학관),120900157,21887,가족생활동,1,5,0,0,0,0,0,0,0,0,0,0,0,0,0,3,2,14,4,9,0,0,73,212,69,406,113,344,96,261,80,199,27,279,60,343,51,349,34,380,20,278,6,298,4,278,2,245,20210512
202007,관악02,관악02(낙성대역~서울대신공학관),120900159,21892,서울대후문.연구공원,0,23,0,0,0,0,0,0,0,0,0,0,0,20,2,20,4,43,8,32,2,32,232,326,231,475,302,497,209,478,228,403,198,486,179,537,259,477,104,629,58,664,54,785,38,956,14,912,20210512
202007,관악02,관악02(낙성대역~서울대신공학관),120900161,21895,학부생활관,0,68,0,0,0,0,0,0,0,0,0,0,2,277,5,168,36,324,85,232,65,245,34,281,80,437,65,418,58,594,52,494,26,589,62,704,44,842,27,821,13,895,10,1053,13,1471,4,1557,20210512
202007,관악02,관악02(낙성대역~서울대신공학관),120900162,21897,대학원생활관,0,90,0,0,0,0,0,0,0,0,0,0,7,267,23,189,64,609,110,485,154,474,91,408,152,564,126,589,59,592,39,606,24,657,26,701,31,820,27,895,23,1012,12,1209,8,1753,1,1732,20210512
202007,관악02,관악02(낙성대역~서울대신공학관),120900163,21899,기숙사삼거리,0,0,0,0,0,0,0,0,0,0,0,0,6,144,24,288,179,1100,378,1391,395,952,172,621,101,615,100,671,43,633,41,555,23,425,25,346,33,434,21,201,17,140,15,91,3,94,2,20,20210512
202007,관악02,관악02(낙성대역~서울대신공학관),120900164,21904,제2파워플랜트,0,0,0,0,0,0,0,0,0,0,0,0,0,26,0,21,0,52,0,127,1,150,0,116,2,85,1,34,0,25,4,26,0,6,4,10,0,1,0,3,0,4,21,4,19,34,0,0,20210512
202007,관악02,관악02(낙성대역~서울대신공학관),120900165,21905,건설환경종합연구소,0,0,0,0,0,0,0,0,0,0,0,0,0,71,1,67,0,111,2,461,7,952,6,573,22,245,17,104,0,101,7,52,9,30,0,21,7,16,0,8,0,11,9,4,1,4,0,1,20210512
202007,관악02,관악02(낙성대역~서울대신공학관),120900172,21915,노천강당,0,0,0,0,0,0,0,0,0,0,0,0,6,381,3,742,8,2577,56,3279,35,1710,7,1019,14,1036,40,1215,20,961,18,667,22,527,85,327,23,274,8,178,1,136,2,82,1,40,30,16,20210512
202007,관악02,관악02(낙성대역~서울대신공학관),120900172,21915,노천강당,0,0,0,0,0,0,0,0,0,0,0,0,32,27,20,3,28,2,104,4,113,4,314,39,357,13,384,15,512,14,797,21,1475,10,2043,33,2499,115,1067,23,1028,33,797,15,1000,30,518,11,20210512
202007,관악02,관악02(낙성대역~서울대신공학관),120900181,21738,낙성대공원.영어마을,0,0,0,0,0,0,0,0,0,0,0,0,7,8,13,8,69,54,41,34,32,23,117,31,70,26,79,45,93,27,76,54,245,73,333,82,90,99,49,70,42,62,22,47,27,60,9,68,20210512
202007,관악02,관악02(낙성대역~서울대신공학관),120900182,21765,인헌초등학교,0,0,0,0,0,0,0,0,0,0,0,0,4,32,36,87,112,158,25,145,61,103,37,309,13,399,22,363,27,250,28,254,19,382,28,916,35,1509,16,716,13,486,3,284,9,265,2,306,20210512
202007,관악02,관악02(낙성대역~서울대신공학관),120900183,21800,낙성대입구,0,0,0,0,0,0,0,0,0,0,0,0,349,48,229,31,1517,149,1239,63,710,55,455,35,568,71,578,52,511,154,341,87,379,171,344,370,459,418,445,223,413,39,477,91,560,85,488,42,20210512
202007,관악02,관악02(낙성대역~서울대신공학관),120900184,21819,인헌초등학교,0,0,0,0,0,0,0,0,0,0,0,0,23,40,126,67,673,91,554,72,240,52,217,51,342,51,348,62,314,79,187,61,204,87,155,94,169,109,166,94,158,72,182,68,140,56,98,61,20210512
202007,관악02,관악02(낙성대역~서울대신공학관),120900185,21870,호암교수회관,0,0,0,0,0,0,0,0,0,0,0,0,0,11,0,5,2,37,0,41,1,19,1,25,3,39,9,34,10,27,3,50,4,63,3,108,3,119,0,58,5,52,1,52,1,49,0,49,20210512
202007,관악02,관악02(낙성대역~서울대신공학관),120900185,21870,호암교수회관,0,2,0,0,0,0,0,0,0,0,0,0,75,560,211,1082,1137,3122,1510,2349,868,1611,27,246,10,340,7,267,2,248,6,226,3,312,5,307,9,517,0,397,2,355,3,315,1,328,0,237,20210512
202007,관악02,관악02(낙성대역~서울대신공학관),120900196,21574,학부생활관,0,0,0,0,0,0,0,0,0,0,0,0,110,5,357,28,604,196,631,65,618,36,839,32,1138,36,967,23,959,43,938,36,1045,42,1451,93,1434,97,584,56,371,47,299,49,239,36,189,32,20210512
202008,관악02,관악02(낙성대역~서울대신공학관),120000172,21274,신소재연구소,0,0,0,0,0,0,0,0,0,0,0,0,0,39,2,91,2,260,7,432,9,258,9,177,27,130,21,123,42,91,47,73,43,36,59,27,65,31,16,36,13,15,3,12,1,17,1,2,20200903
202008,관악02,관악02(낙성대역~서울대신공학관),120000173,21275,제2공학관,0,0,0,0,0,0,0,0,0,0,4,2,19,77,56,299,70,1237,138,2449,213,2701,348,1393,457,1163,484,1074,729,701,1034,519,1358,331,2251,266,2866,268,1598,165,1131,128,1053,75,946,56,577,20,20200903
202008,관악02,관악02(낙성대역~서울대신공학관),120000174,21276,제1공학관,0,0,0,0,0,0,0,0,0,0,0,0,1,0,6,4,12,2,16,1,16,12,38,3,45,6,68,2,102,6,117,5,209,3,375,5,438,0,353,1,182,1,146,1,105,0,73,0,20200903
202008,관악02,관악02(낙성대역~서울대신공학관),120000175,21277,유전공학연구소.반도체공동연구소,0,0,0,0,0,0,0,0,0,0,0,0,11,1,15,0,22,2,25,6,27,2,89,3,113,5,116,4,173,6,266,16,382,11,1143,12,1340,9,480,4,322,2,320,0,265,1,155,0,20200903
202008,관악02,관악02(낙성대역~서울대신공학관),120000176,21278,교수회관입구,0,0,0,0,0,0,0,0,0,0,0,0,13,0,2,0,19,0,14,1,32,2,56,4,103,2,107,3,179,3,347,4,480,11,538,6,682,3,270,5,148,2,91,1,44,0,45,0,20200903
202008,관악02,관악02(낙성대역~서울대신공학관),120000177,21279,관악사삼거리,0,0,0,0,0,0,0,0,0,0,0,0,100,39,91,5,395,7,133,6,131,4,225,6,280,6,220,22,276,25,452,25,619,31,775,58,700,121,355,116,247,103,186,88,282,98,110,66,20200903
202008,관악02,관악02(낙성대역~서울대신공학관),120000186,21288,공동기기원,0,0,0,0,0,0,0,0,0,0,0,0,1,93,1,155,7,1067,27,1722,32,1191,31,475,31,343,12,395,14,205,24,189,11,114,13,92,10,50,3,49,1,36,1,29,0,12,0,4,20200903
202008,관악02,관악02(낙성대역~서울대신공학관),120000187,21289,유전공학연구소.반도체공동연구소,0,0,0,0,0,0,0,0,0,0,0,0,2,11,0,224,10,563,16,684,13,340,2,153,7,132,12,160,8,132,17,108,8,51,3,41,5,31,1,18,0,22,1,18,0,5,0,4,20200903
202008,관악02,관악02(낙성대역~서울대신공학관),120000188,21290,에너지자원연구소,0,0,0,0,0,0,0,0,0,0,0,0,3,19,0,67,3,613,8,737,5,483,7,291,10,254,11,274,13,212,8,154,4,102,14,76,3,76,1,36,1,18,1,20,2,13,0,6,20200903
202008,관악02,관악02(낙성대역~서울대신공학관),120900003,21595,가족생활동,0,0,0,0,0,0,0,0,0,0,0,0,35,2,246,4,284,12,221,16,142,9,155,6,167,21,121,24,123,15,248,28,425,32,443,46,466,61,184,36,128,23,110,30,149,27,37,22,20200903
202008,관악02,관악02(낙성대역~서울대신공학관),120900009,21585,BK국제관,0,0,0,0,0,0,0,0,0,0,0,0,122,9,325,13,487,35,552,39,434,10,570,39,648,52,605,41,515,37,538,64,698,71,1149,85,990,97,552,86,273,79,205,62,196,46,78,50,20200903
202008,관악02,관악02(낙성대역~서울대신공학관),120900027,21564,대학원생활관,0,0,0,0,0,0,0,0,0,0,0,0,110,20,435,15,616,45,715,13,666,11,804,17,841,23,708,19,615,9,642,26,851,30,886,63,1080,111,635,101,408,89,369,78,341,83,123,60,20200903
202008,관악02,관악02(낙성대역~서울대신공학관),120900090,21663,인헌아파트,0,0,0,0,0,0,0,0,0,0,7,0,168,23,445,2,532,23,315,13,206,17,231,19,156,20,212,29,110,23,151,32,118,24,93,48,111,91,65,57,42,51,37,31,18,37,15,35,20200903
202008,관악02,관악02(낙성대역~서울대신공학관),120900090,21663,인헌아파트,0,2,0,0,0,0,0,0,0,0,17,0,0,1,53,42,0,0,0,0,0,0,91,47,83,51,86,46,57,103,56,89,49,99,40,123,30,218,23,242,13,134,6,132,3,105,3,66,20200903
202008,관악02,관악02(낙성대역~서울대신공학관),120900095,21689,서울과학전시관,0,0,0,0,0,0,0,0,0,0,0,0,110,2,277,6,417,20,285,9,279,9,235,13,345,13,295,16,304,16,450,25,370,19,586,38,658,64,192,25,147,39,95,15,96,18,14,13,20200903
202008,관악02,관악02(낙성대역~서울대신공학관),120900102,21752,낙성대현대아파트,0,0,0,0,0,0,0,0,0,0,0,0,41,21,132,15,137,56,83,42,75,73,39,79,45,56,30,75,47,63,46,68,40,101,27,171,24,254,27,172,13,97,11,89,11,104,2,105,20200903
202008,관악02,관악02(낙성대역~서울대신공학관),120900110,21771,낙성대입구,0,0,0,0,0,0,0,0,0,0,0,0,4,52,16,186,10,183,22,204,14,235,7,380,11,560,6,469,12,427,20,536,25,683,12,1306,33,1607,15,807,14,458,4,370,6,371,0,345,20200903
202008,관악02,관악02(낙성대역~서울대신공학관),120900119,21785,낙성대역,0,0,0,0,0,0,0,0,0,0,502,244,1733,500,2961,182,8329,274,7298,217,5199,119,3451,92,2910,148,2738,51,2851,50,2719,84,2736,129,2283,229,2955,415,2950,223,2860,184,3043,152,3246,92,1992,32,20200903
202008,관악02,관악02(낙성대역~서울대신공학관),120900119,21785,낙성대역,0,0,0,0,0,0,0,0,0,0,137,77,358,631,1012,1861,1992,2720,3394,2701,1867,2116,1235,2721,1949,3187,1557,3238,927,3206,694,3851,878,5579,1001,7367,1012,8403,463,4251,222,2705,330,2407,488,2060,480,1132,20200903
202008,관악02,관악02(낙성대역~서울대신공학관),120900131,21844,낙성대현대아파트,0,0,0,0,0,0,0,0,0,0,0,0,25,34,49,141,256,261,285,62,183,93,138,49,144,75,84,60,59,60,53,78,79,157,51,95,52,106,27,76,14,67,9,72,21,38,6,37,20200903
202008,관악02,관악02(낙성대역~서울대신공학관),120900136,21858,낙성대공원.영어마을,0,0,0,0,0,0,0,0,0,0,0,0,19,38,33,142,64,237,41,66,56,55,43,39,46,60,32,45,48,43,26,45,17,172,28,62,21,47,14,38,19,37,11,20,16,11,6,5,20200903
202008,관악02,관악02(낙성대역~서울대신공학관),120900140,21864,서울과학전시관,0,0,0,0,0,0,0,0,0,0,0,0,2,59,2,86,3,351,2,103,2,79,0,68,3,112,4,83,2,56,3,38,7,56,1,52,3,91,2,77,3,53,1,42,4,38,2,18,20200903
202008,관악02,관악02(낙성대역~서울대신공학관),120900153,21882,호암교수회관,0,0,0,0,0,0,0,0,0,0,0,0,11,0,0,0,0,0,0,0,1,0,78,72,63,136,69,91,31,81,37,80,22,127,13,70,8,105,8,91,9,59,1,63,0,44,0,35,20200903
202008,관악02,관악02(낙성대역~서울대신공학관),120900157,21887,가족생활동,0,2,0,0,0,0,0,0,0,0,0,0,0,0,0,3,0,0,0,2,0,2,67,203,58,287,124,266,87,220,73,206,42,327,31,331,89,304,33,354,19,224,17,223,13,205,18,156,20200903
202008,관악02,관악02(낙성대역~서울대신공학관),120900159,21892,서울대후문.연구공원,0,9,0,0,0,0,0,0,0,0,0,0,0,16,0,17,0,43,1,30,1,30,230,342,253,388,291,431,228,361,214,371,145,483,169,499,234,497,110,559,69,609,35,645,54,666,17,663,20200903
202008,관악02,관악02(낙성대역~서울대신공학관),120900161,21895,학부생활관,0,19,0,0,0,0,0,0,0,0,0,0,3,190,8,164,21,324,75,309,44,265,36,262,47,422,66,515,45,503,47,451,26,604,38,652,41,756,18,728,15,697,11,807,12,1192,8,1093,20200903
202008,관악02,관악02(낙성대역~서울대신공학관),120900162,21897,대학원생활관,0,22,0,0,0,0,0,0,0,0,0,0,10,202,15,163,44,508,88,470,95,435,74,380,144,494,115,568,62,558,43,660,23,569,22,558,36,818,30,933,12,872,18,958,10,1338,4,1216,20200903
202008,관악02,관악02(낙성대역~서울대신공학관),120900163,21899,기숙사삼거리,0,0,0,0,0,0,0,0,0,0,0,0,10,150,36,244,165,993,347,1082,297,786,149,535,102,470,98,600,55,505,37,441,32,317,29,299,26,342,18,182,22,137,8,65,5,76,2,34,20200903
202008,관악02,관악02(낙성대역~서울대신공학관),120900164,21904,제2파워플랜트,0,0,0,0,0,0,0,0,0,0,0,0,0,33,0,17,1,56,2,104,0,131,1,82,1,52,0,34,0,24,0,9,1,9,1,7,2,3,0,2,0,2,0,0,0,3,0,0,20200903
202008,관악02,관악02(낙성대역~서울대신공학관),120900165,21905,건설환경종합연구소,0,0,0,0,0,0,0,0,0,0,0,0,0,55,0,39,2,94,1,244,5,748,14,541,14,225,4,103,7,97,4,50,0,22,6,21,3,13,0,10,2,1,1,3,7,7,0,2,20200903
202008,관악02,관악02(낙성대역~서울대신공학관),120900172,21915,노천강당,0,0,0,0,0,0,0,0,0,0,0,0,0,290,3,553,10,1903,25,2954,36,1467,7,938,23,946,14,1079,27,859,17,683,16,446,11,276,21,260,3,150,1,117,3,65,0,45,34,18,20200903
202008,관악02,관악02(낙성대역~서울대신공학관),120900172,21915,노천강당,0,0,0,0,0,0,0,0,0,0,0,0,34,17,19,3,24,5,111,32,100,22,262,11,467,28,395,14,634,226,678,58,1247,25,1811,61,1847,38,966,35,809,35,800,18,828,19,454,8,20200903
202008,관악02,관악02(낙성대역~서울대신공학관),120900181,21738,낙성대공원.영어마을,0,0,0,0,0,0,0,0,0,0,0,0,2,7,21,6,94,45,53,29,29,29,101,12,64,34,66,35,95,21,77,44,184,50,370,69,75,108,52,85,31,83,23,52,14,63,8,67,20200903
202008,관악02,관악02(낙성대역~서울대신공학관),120900182,21765,인헌초등학교,0,0,0,0,0,0,0,0,0,0,0,0,7,24,35,71,82,86,22,122,26,123,38,245,23,306,8,206,24,184,19,250,32,385,26,687,41,1103,13,602,6,303,4,228,6,245,1,226,20200903
202008,관악02,관악02(낙성대역~서울대신공학관),120900183,21800,낙성대입구,0,0,0,0,0,0,0,0,0,0,10,4,200,27,239,64,1308,179,1119,151,515,47,348,62,472,81,501,51,426,65,316,117,321,59,260,97,311,141,346,143,320,55,284,33,350,55,344,45,20200903
202008,관악02,관악02(낙성대역~서울대신공학관),120900184,21819,인헌초등학교,0,0,0,0,0,0,0,0,0,0,0,0,57,35,120,68,539,125,410,49,262,68,194,41,315,46,309,61,267,64,163,71,165,82,86,80,147,102,167,105,135,79,119,58,91,47,81,42,20200903
202008,관악02,관악02(낙성대역~서울대신공학관),120900185,21870,호암교수회관,0,0,0,0,0,0,0,0,0,0,0,0,0,11,0,3,4,31,0,30,3,15,1,31,1,33,4,32,3,33,3,39,1,56,0,113,0,101,5,44,4,47,1,41,2,52,0,47,20200903
202008,관악02,관악02(낙성대역~서울대신공학관),120900185,21870,호암교수회관,0,2,0,0,0,0,0,0,0,0,0,0,69,458,170,982,1001,2751,1319,1873,748,1036,30,188,20,226,6,191,1,238,6,184,1,259,0,254,3,441,3,414,0,293,1,243,0,223,1,196,20200903
202008,관악02,관악02(낙성대역~서울대신공학관),120900196,21574,학부생활관,0,0,0,0,0,0,0,0,0,0,0,0,129,5,455,28,567,210,563,36,528,27,727,40,1012,31,808,51,715,33,649,50,725,44,1068,55,1053,82,577,82,283,49,262,48,182,37,117,36,20200903
202009,관악02,관악02(낙성대역~서울대신공학관),120000172,21274,신소재연구소,0,0,0,0,0,0,0,0,0,0,0,0,3,42,1,80,8,328,5,437,5,251,11,131,24,131,27,106,18,69,68,70,25,51,66,55,58,52,19,24,11,28,4,12,7,12,0,3,20210512
202009,관악02,관악02(낙성대역~서울대신공학관),120000173,21275,제2공학관,0,0,0,0,0,0,0,0,0,0,3,0,40,93,57,283,120,944,175,1630,275,1905,502,1250,617,1293,892,1235,1157,759,1433,530,1707,396,2405,336,2994,271,1646,185,1336,133,1197,85,1211,63,576,29,20210512
202009,관악02,관악02(낙성대역~서울대신공학관),120000174,21276,제1공학관,0,0,0,0,0,0,0,0,0,0,0,0,4,0,7,3,9,3,14,6,31,8,29,0,57,0,80,6,139,0,141,0,224,2,415,5,407,1,309,1,177,0,162,0,140,0,81,0,20210512
202009,관악02,관악02(낙성대역~서울대신공학관),120000175,21277,유전공학연구소.반도체공동연구소,0,0,0,0,0,0,0,0,0,0,0,0,17,0,7,1,23,1,19,0,40,1,83,3,112,8,110,6,174,1,221,3,429,2,899,7,1353,4,548,4,337,3,399,0,321,2,189,0,20210512
202009,관악02,관악02(낙성대역~서울대신공학관),120000176,21278,교수회관입구,0,0,0,0,0,0,0,0,0,0,0,0,23,0,0,0,29,0,38,0,30,2,71,3,98,3,95,6,171,3,277,10,323,4,549,4,516,5,211,3,160,1,111,0,62,0,48,0,20210512
202009,관악02,관악02(낙성대역~서울대신공학관),120000177,21279,관악사삼거리,0,0,0,0,0,0,0,0,0,0,0,0,99,34,99,10,340,10,141,4,117,5,206,17,271,15,278,32,293,15,400,17,538,19,723,32,770,84,382,86,312,89,310,98,316,121,158,73,20210512
202009,관악02,관악02(낙성대역~서울대신공학관),120000186,21288,공동기기원,0,0,0,0,0,0,0,0,0,0,0,0,0,107,0,229,5,1063,8,1349,10,816,20,423,8,343,15,394,24,248,11,181,60,149,10,135,4,63,2,56,3,48,1,39,0,17,0,4,20210512
202009,관악02,관악02(낙성대역~서울대신공학관),120000187,21289,유전공학연구소.반도체공동연구소,0,0,0,0,0,0,0,0,0,0,0,0,2,23,0,236,11,481,6,580,9,282,5,129,5,143,3,136,9,96,5,72,3,49,3,48,2,31,1,42,1,20,0,23,0,16,0,1,20210512
202009,관악02,관악02(낙성대역~서울대신공학관),120000188,21290,에너지자원연구소,0,0,0,0,0,0,0,0,0,0,0,0,6,20,0,104,4,510,7,648,4,422,5,223,6,190,12,257,7,189,14,137,11,97,9,93,2,64,1,50,0,21,0,34,1,10,0,2,20210512
202009,관악02,관악02(낙성대역~서울대신공학관),120900003,21595,가족생활동,0,0,0,0,0,0,0,0,0,0,0,0,30,5,212,1,265,24,166,9,82,13,107,14,139,29,125,13,124,27,182,22,348,31,343,39,256,38,123,39,99,40,107,34,154,28,30,13,20210512
202009,관악02,관악02(낙성대역~서울대신공학관),120900009,21585,BK국제관,0,0,0,0,0,0,0,0,0,0,0,0,72,10,134,12,313,28,349,24,355,18,507,26,527,38,556,44,561,41,667,56,863,84,1346,93,1219,93,615,72,310,59,329,73,198,54,77,62,20210512
202009,관악02,관악02(낙성대역~서울대신공학관),120900027,21564,대학원생활관,0,0,0,0,0,0,0,0,0,0,0,0,99,6,291,14,571,43,614,25,636,10,659,20,834,30,791,25,682,16,650,20,880,22,1053,58,1202,101,690,89,462,67,396,113,359,116,166,62,20210512
202009,관악02,관악02(낙성대역~서울대신공학관),120900090,21663,인헌아파트,0,0,0,0,0,0,0,0,0,0,1,0,245,22,480,4,489,24,281,9,180,14,170,19,165,16,151,22,164,28,103,42,113,60,88,67,78,77,72,40,48,33,23,45,11,39,2,31,20210512
202009,관악02,관악02(낙성대역~서울대신공학관),120900090,21663,인헌아파트,0,0,0,0,0,0,0,0,0,0,24,0,11,0,5,0,0,0,0,0,0,0,82,32,89,42,107,47,94,89,54,130,40,129,68,155,48,246,16,259,14,145,9,153,5,107,2,51,20210512
202009,관악02,관악02(낙성대역~서울대신공학관),120900095,21689,서울과학전시관,0,0,0,0,0,0,0,0,0,0,0,0,102,0,252,8,441,25,227,13,178,15,219,10,238,22,221,23,271,13,369,27,352,27,630,30,441,39,179,16,149,38,102,15,65,10,30,16,20210512
202009,관악02,관악02(낙성대역~서울대신공학관),120900102,21752,낙성대현대아파트,0,0,0,0,0,0,0,0,0,0,0,0,33,24,148,16,148,61,54,31,43,47,48,66,36,72,22,74,29,65,30,97,40,109,38,176,17,306,28,151,14,90,13,88,6,116,2,88,20210512
202009,관악02,관악02(낙성대역~서울대신공학관),120900110,21771,낙성대입구,0,0,0,0,0,0,0,0,0,0,0,0,1,46,5,138,20,127,17,191,11,188,8,343,8,472,1,502,5,553,7,682,40,796,11,1475,21,1727,2,895,4,465,7,441,6,506,1,309,20210512
202009,관악02,관악02(낙성대역~서울대신공학관),120900119,21785,낙성대역,0,0,0,0,0,0,0,0,0,0,689,353,1695,476,3321,179,7325,216,6604,87,4180,65,2960,56,3576,124,3233,80,2524,156,2555,192,2750,398,2661,524,2810,535,2757,187,2605,137,2660,192,2878,131,1717,59,20210512
202009,관악02,관악02(낙성대역~서울대신공학관),120900119,21785,낙성대역,0,0,0,0,0,0,0,0,0,0,0,0,363,632,648,1288,2616,2335,2763,2048,2347,1887,1430,2376,1361,3052,1179,2894,949,3475,635,4105,674,5401,515,7269,595,8029,463,4647,556,3017,731,2877,442,2501,429,1508,20210512
202009,관악02,관악02(낙성대역~서울대신공학관),120900131,21844,낙성대현대아파트,0,0,0,0,0,0,0,0,0,0,0,0,27,41,63,162,243,251,154,67,116,64,124,22,135,58,90,43,49,44,42,67,68,122,45,95,37,91,19,48,16,52,16,42,7,24,12,20,20210512
202009,관악02,관악02(낙성대역~서울대신공학관),120900136,21858,낙성대공원.영어마을,0,0,0,0,0,0,0,0,0,0,0,0,5,33,33,146,55,163,42,55,30,84,47,62,34,46,45,51,61,77,34,85,40,212,28,56,21,40,15,34,8,16,25,30,22,23,12,4,20210512
202009,관악02,관악02(낙성대역~서울대신공학관),120900140,21864,서울과학전시관,0,0,0,0,0,0,0,0,0,0,0,0,1,69,1,63,3,211,0,82,3,68,0,31,4,48,4,65,5,37,3,51,12,80,2,69,0,86,1,51,6,51,0,47,0,14,0,17,20210512
202009,관악02,관악02(낙성대역~서울대신공학관),120900153,21882,호암교수회관,0,0,0,0,0,0,0,0,0,0,0,0,9,0,0,0,0,0,0,0,0,0,78,47,62,107,53,87,53,67,21,84,22,101,19,100,10,70,4,81,10,73,7,56,4,41,2,29,20210512
202009,관악02,관악02(낙성대역~서울대신공학관),120900157,21887,가족생활동,0,0,0,0,0,0,0,0,0,0,0,0,0,0,0,0,1,2,0,0,0,0,55,176,71,287,128,238,66,232,45,169,73,257,48,315,66,311,26,313,23,252,17,248,19,197,16,137,20210512
202009,관악02,관악02(낙성대역~서울대신공학관),120900159,21892,서울대후문.연구공원,0,8,0,0,0,0,0,0,0,0,0,0,1,8,5,15,4,38,7,23,0,18,247,269,268,368,288,406,226,340,234,300,176,367,179,421,243,393,100,511,60,552,44,689,40,673,29,581,20210512
202009,관악02,관악02(낙성대역~서울대신공학관),120900161,21895,학부생활관,0,20,0,0,0,0,0,0,0,0,0,0,1,150,12,163,56,303,68,232,59,248,57,271,86,380,96,383,38,400,57,360,38,418,37,505,45,609,21,637,14,816,13,907,10,1103,4,1060,20210512
202009,관악02,관악02(낙성대역~서울대신공학관),120900162,21897,대학원생활관,0,56,0,0,0,0,0,0,0,0,0,0,7,162,21,144,44,535,106,470,103,418,59,385,120,510,142,607,66,538,49,485,31,544,34,562,40,735,24,812,13,946,13,1044,11,1171,8,965,20210512
202009,관악02,관악02(낙성대역~서울대신공학관),120900163,21899,기숙사삼거리,0,4,0,0,0,0,0,0,0,0,0,0,9,175,32,232,89,989,110,1159,113,736,123,494,140,584,125,733,70,550,46,469,38,426,38,361,36,335,23,198,14,165,4,82,4,73,1,45,20210512
202009,관악02,관악02(낙성대역~서울대신공학관),120900164,21904,제2파워플랜트,0,0,0,0,0,0,0,0,0,0,0,0,0,31,0,26,0,75,0,106,1,153,0,78,3,56,3,56,9,41,6,19,0,6,23,3,4,1,3,1,0,1,0,0,0,0,0,0,20210512
202009,관악02,관악02(낙성대역~서울대신공학관),120900165,21905,건설환경종합연구소,0,0,0,0,0,0,0,0,0,0,0,0,0,100,0,69,1,173,3,451,13,976,18,534,35,194,41,171,24,131,19,66,5,27,17,31,5,12,1,22,0,9,0,5,0,3,0,2,20210512
202009,관악02,관악02(낙성대역~서울대신공학관),120900172,21915,노천강당,0,0,0,0,0,0,0,0,0,0,0,0,47,13,12,0,34,6,48,7,142,13,206,5,326,13,385,64,437,27,717,25,1089,15,1706,23,1949,38,1068,21,937,21,1060,13,1091,20,551,9,20210512
202009,관악02,관악02(낙성대역~서울대신공학관),120900172,21915,노천강당,0,0,0,0,0,0,0,0,0,0,0,0,5,276,2,549,10,2021,16,2483,36,1460,10,987,30,1068,20,1256,19,954,14,740,27,534,27,432,62,321,8,195,6,111,1,79,5,60,32,19,20210512
202009,관악02,관악02(낙성대역~서울대신공학관),120900181,21738,낙성대공원.영어마을,0,0,0,0,0,0,0,0,0,0,0,0,5,8,23,7,85,68,46,23,34,18,78,21,106,32,56,27,101,30,126,55,243,71,503,125,110,116,34,74,31,92,25,69,16,89,9,77,20210512
202009,관악02,관악02(낙성대역~서울대신공학관),120900182,21765,인헌초등학교,0,0,0,0,0,0,0,0,0,0,0,0,10,57,47,51,80,94,25,104,21,105,31,186,31,285,28,300,20,241,15,286,30,373,18,787,41,1298,11,622,7,417,5,290,5,256,2,225,20210512
202009,관악02,관악02(낙성대역~서울대신공학관),120900183,21800,낙성대입구,0,0,0,0,0,0,0,0,0,0,0,0,278,68,279,43,764,93,490,76,392,53,456,75,567,89,615,76,423,82,334,38,313,42,385,233,428,309,367,131,458,79,418,43,322,48,261,23,20210512
202009,관악02,관악02(낙성대역~서울대신공학관),120900184,21819,인헌초등학교,0,0,0,0,0,0,0,0,0,0,0,0,15,16,72,54,263,91,198,30,119,56,175,37,303,40,349,37,242,51,184,54,156,61,136,78,173,102,126,67,166,49,160,45,88,41,84,41,20210512
202009,관악02,관악02(낙성대역~서울대신공학관),120900185,21870,호암교수회관,1,1,0,0,0,0,0,0,0,0,0,0,89,417,215,928,1195,2604,1325,1583,723,964,26,139,8,253,8,192,6,233,10,212,1,209,10,242,4,354,3,377,0,229,0,214,0,172,0,145,20210512
202009,관악02,관악02(낙성대역~서울대신공학관),120900185,21870,호암교수회관,0,0,0,0,0,0,0,0,0,0,0,0,0,12,0,6,1,27,0,23,0,14,1,16,3,25,1,30,2,28,1,37,1,48,4,76,0,103,2,58,0,47,1,58,0,42,0,50,20210512
202009,관악02,관악02(낙성대역~서울대신공학관),120900196,21574,학부생활관,0,0,0,0,0,0,0,0,0,0,0,0,55,12,108,35,251,175,392,49,433,26,526,35,651,32,705,32,665,32,728,33,829,40,1220,47,1265,65,648,60,300,48,291,68,229,51,103,26,20210512
202010,관악02,관악02(낙성대역~서울대신공학관),120000172,21274,신소재연구소,0,0,0,0,0,0,0,0,0,0,0,0,0,36,1,51,5,311,10,355,4,201,24,166,16,135,30,133,29,83,73,58,40,64,53,60,78,70,24,23,14,16,6,10,8,14,0,6,20201103
202010,관악02,관악02(낙성대역~서울대신공학관),120000173,21275,제2공학관,0,0,0,0,0,0,0,0,0,0,1,0,24,83,53,302,102,909,179,1461,322,2065,531,1421,1064,1452,1272,1636,1534,989,1856,936,2351,609,2603,424,2923,385,1492,200,1360,165,1339,123,1286,76,659,34,20201103
202010,관악02,관악02(낙성대역~서울대신공학관),120000174,21276,제1공학관,0,0,0,0,0,0,0,0,0,0,0,0,8,1,9,2,13,2,18,0,38,7,52,2,114,6,110,2,128,4,168,4,236,1,510,0,390,3,293,0,187,2,178,0,177,0,84,0,20201103
202010,관악02,관악02(낙성대역~서울대신공학관),120000175,21277,유전공학연구소.반도체공동연구소,0,0,0,0,0,0,0,0,0,0,0,0,4,0,13,0,26,0,31,2,42,7,105,3,108,5,121,10,156,8,301,12,409,12,950,15,1201,10,474,3,338,2,375,0,325,1,204,0,20201103
202010,관악02,관악02(낙성대역~서울대신공학관),120000176,21278,교수회관입구,0,0,0,0,0,0,0,0,0,0,0,0,19,0,3,0,21,0,34,0,37,3,83,3,134,3,102,8,210,3,266,6,342,4,322,0,489,3,219,0,182,1,90,0,57,1,35,1,20201103
202010,관악02,관악02(낙성대역~서울대신공학관),120000177,21279,관악사삼거리,0,0,0,0,0,0,0,0,0,0,0,0,100,31,102,8,273,9,168,5,132,10,236,7,313,15,312,11,369,15,484,33,602,30,853,42,776,67,398,70,349,94,383,112,326,129,160,93,20201103
202010,관악02,관악02(낙성대역~서울대신공학관),120000186,21288,공동기기원,0,0,0,0,0,0,0,0,0,0,0,0,2,95,3,145,7,883,9,1247,11,798,15,425,13,388,15,378,13,221,14,246,9,111,6,115,14,66,3,62,2,43,0,28,1,23,0,5,20201103
202010,관악02,관악02(낙성대역~서울대신공학관),120000187,21289,유전공학연구소.반도체공동연구소,0,0,0,0,0,0,0,0,0,0,0,0,1,30,1,229,6,539,9,588,3,304,10,131,3,123,4,175,9,104,4,85,7,72,2,37,0,43,4,44,0,21,0,10,0,16,0,2,20201103
202010,관악02,관악02(낙성대역~서울대신공학관),120000188,21290,에너지자원연구소,0,0,0,0,0,0,0,0,0,0,2,0,6,24,3,131,2,453,11,607,7,486,9,241,7,261,13,343,12,257,0,172,21,139,13,100,7,141,0,64,3,32,3,15,0,21,0,7,20201103
202010,관악02,관악02(낙성대역~서울대신공학관),120900003,21595,가족생활동,0,0,0,0,0,0,0,0,0,0,0,0,41,4,248,4,280,24,218,12,114,13,179,15,160,22,160,12,179,27,199,43,365,25,369,41,342,43,209,23,112,23,120,19,137,14,35,16,20201103
202010,관악02,관악02(낙성대역~서울대신공학관),120900009,21585,BK국제관,0,0,0,0,0,0,0,0,0,0,0,0,100,9,167,17,419,20,407,23,455,19,657,20,707,42,628,44,623,53,717,46,952,57,1416,103,1233,89,681,70,374,62,292,59,226,57,126,53,20201103
202010,관악02,관악02(낙성대역~서울대신공학관),120900027,21564,대학원생활관,0,0,0,0,0,0,0,0,0,0,0,0,97,7,412,12,640,33,686,36,671,10,883,24,991,31,879,25,746,18,803,23,919,38,1247,42,1342,108,808,85,479,68,465,142,419,135,222,97,20201103
202010,관악02,관악02(낙성대역~서울대신공학관),120900090,21663,인헌아파트,0,3,0,0,0,0,0,0,0,0,22,0,3,0,28,22,0,0,0,0,0,0,96,45,117,78,105,72,86,101,71,111,49,125,46,168,25,212,17,276,7,168,4,142,7,111,4,64,20201103
202010,관악02,관악02(낙성대역~서울대신공학관),120900090,21663,인헌아파트,0,0,0,0,0,0,0,0,0,0,1,0,240,24,478,3,516,32,291,12,232,10,196,16,198,31,177,29,166,31,158,43,133,69,131,83,84,96,62,37,45,56,47,37,18,30,11,29,20201103
202010,관악02,관악02(낙성대역~서울대신공학관),120900095,21689,서울과학전시관,0,0,0,0,0,0,0,0,0,0,0,0,92,0,293,24,506,23,267,13,229,14,293,17,316,8,311,22,372,18,372,25,509,30,766,37,560,76,307,18,210,46,128,23,66,19,29,15,20201103
202010,관악02,관악02(낙성대역~서울대신공학관),120900102,21752,낙성대현대아파트,0,0,0,0,0,0,0,0,0,0,0,0,31,20,148,24,104,75,56,43,43,62,42,71,59,98,28,86,52,89,42,82,23,112,29,190,28,315,21,142,11,105,9,119,20,123,6,131,20201103
202010,관악02,관악02(낙성대역~서울대신공학관),120900110,21771,낙성대입구,0,0,0,0,0,0,0,0,0,0,0,0,3,56,13,123,51,158,10,211,16,249,5,513,18,836,7,791,7,750,20,971,25,1001,17,1729,20,2146,5,993,21,694,6,585,0,567,2,414,20201103
202010,관악02,관악02(낙성대역~서울대신공학관),120900119,21785,낙성대역,0,0,0,0,0,0,0,0,0,0,2,1,205,567,1088,1652,4320,2551,3887,2336,2373,2267,1337,2863,1847,3650,1103,3536,1067,4277,467,4886,320,6248,967,8128,1292,8294,717,4423,664,3048,704,2869,558,2618,572,1700,20201103
202010,관악02,관악02(낙성대역~서울대신공학관),120900119,21785,낙성대역,0,0,0,0,0,0,0,0,0,0,655,340,1785,459,2793,204,5780,353,5937,205,5722,84,3907,182,4180,144,4307,183,3533,224,3440,200,3854,412,2877,383,2651,330,3068,250,2835,136,3271,233,3859,136,2675,149,20201103
202010,관악02,관악02(낙성대역~서울대신공학관),120900131,21844,낙성대현대아파트,0,0,0,0,0,0,0,0,0,0,0,0,24,29,64,138,227,224,170,60,118,64,115,33,132,46,135,48,74,66,38,55,65,125,53,108,30,66,23,79,15,38,18,46,14,47,11,30,20201103
202010,관악02,관악02(낙성대역~서울대신공학관),120900136,21858,낙성대공원.영어마을,0,0,0,0,0,0,0,0,0,0,0,0,14,60,29,125,54,196,45,77,41,120,74,87,56,57,54,120,77,80,47,90,49,296,33,72,15,56,18,25,11,19,18,16,10,13,6,6,20201103
202010,관악02,관악02(낙성대역~서울대신공학관),120900140,21864,서울과학전시관,0,0,0,0,0,0,0,0,0,0,0,0,9,92,6,68,8,261,0,104,1,83,0,60,4,78,6,102,8,75,7,66,5,202,4,169,2,85,11,77,3,47,2,69,2,27,1,20,20201103
202010,관악02,관악02(낙성대역~서울대신공학관),120900153,21882,호암교수회관,0,0,0,0,0,0,0,0,0,0,0,0,8,0,0,0,0,0,3,1,3,1,69,54,60,158,65,84,30,80,42,102,30,116,8,76,19,66,5,99,9,68,4,53,1,77,2,46,20201103
202010,관악02,관악02(낙성대역~서울대신공학관),120900157,21887,가족생활동,0,2,0,0,0,0,0,0,0,0,0,0,2,3,0,7,3,7,3,6,1,2,88,197,81,346,120,293,68,255,65,184,66,275,47,299,72,294,27,341,14,284,6,251,14,260,8,178,20201103
202010,관악02,관악02(낙성대역~서울대신공학관),120900159,21892,서울대후문.연구공원,1,25,0,0,0,0,0,0,0,0,0,0,0,17,1,35,14,55,22,49,6,24,246,341,277,495,337,486,225,535,287,394,179,440,219,478,231,472,83,599,59,647,47,793,52,913,14,897,20201103
202010,관악02,관악02(낙성대역~서울대신공학관),120900161,21895,학부생활관,0,55,0,0,0,0,0,0,0,0,0,0,5,195,9,153,70,322,100,268,103,283,84,293,133,454,159,495,80,431,114,488,64,488,59,561,77,756,25,835,36,1003,20,1100,17,1490,13,1540,20201103
202010,관악02,관악02(낙성대역~서울대신공학관),120900162,21897,대학원생활관,0,85,0,0,0,0,0,0,0,0,0,0,4,126,23,171,48,542,90,540,111,515,98,474,164,643,154,670,76,663,52,596,37,586,39,766,47,832,41,1029,24,953,14,1243,8,1436,9,1441,20201103
202010,관악02,관악02(낙성대역~서울대신공학관),120900163,21899,기숙사삼거리,0,0,0,0,0,0,0,0,0,0,0,0,6,112,35,211,104,945,116,1195,170,882,154,637,141,711,124,839,105,607,60,508,38,413,32,365,44,345,16,182,11,138,6,123,14,100,6,33,20201103
202010,관악02,관악02(낙성대역~서울대신공학관),120900164,21904,제2파워플랜트,0,0,0,0,0,0,0,0,0,0,0,0,0,49,0,18,1,74,1,118,6,187,0,139,3,56,1,57,0,44,11,12,4,10,12,2,2,5,1,1,0,1,2,0,0,0,0,1,20201103
202010,관악02,관악02(낙성대역~서울대신공학관),120900165,21905,건설환경종합연구소,0,0,0,0,0,0,0,0,0,0,0,0,0,79,1,84,2,206,5,618,21,1337,24,808,32,325,82,227,102,187,40,76,17,46,34,18,12,11,2,21,0,5,0,2,0,3,0,1,20201103
202010,관악02,관악02(낙성대역~서울대신공학관),120900172,21915,노천강당,0,0,0,0,0,0,0,0,0,0,0,0,35,15,19,4,99,49,85,8,172,26,304,18,466,26,416,13,691,43,930,30,1165,21,1784,21,2039,51,1002,20,1045,20,1106,21,1239,18,577,6,20201103
202010,관악02,관악02(낙성대역~서울대신공학관),120900172,21915,노천강당,0,0,0,0,0,0,0,0,0,0,0,0,1,308,0,564,9,1918,49,2684,21,1577,29,1092,16,1365,40,1413,28,1110,31,905,35,644,104,400,67,334,5,256,0,124,9,81,2,59,39,12,20201103
202010,관악02,관악02(낙성대역~서울대신공학관),120900181,21738,낙성대공원.영어마을,0,0,0,0,0,0,0,0,0,0,0,0,17,13,37,7,112,66,39,29,44,11,97,21,129,25,105,33,138,47,140,69,273,74,507,111,86,97,47,67,15,83,22,69,19,70,9,73,20201103
202010,관악02,관악02(낙성대역~서울대신공학관),120900182,21765,인헌초등학교,0,0,0,0,0,0,0,0,0,0,0,0,14,40,48,59,91,170,22,111,12,144,29,338,15,457,31,431,24,337,16,361,19,471,22,936,28,1594,6,759,8,523,5,476,6,332,0,265,20201103
202010,관악02,관악02(낙성대역~서울대신공학관),120900183,21800,낙성대입구,0,0,0,0,0,0,0,0,0,0,0,0,306,68,319,86,858,172,519,108,379,30,425,35,639,56,680,57,501,56,421,85,412,74,299,177,496,317,421,86,540,108,458,60,433,54,484,37,20201103
202010,관악02,관악02(낙성대역~서울대신공학관),120900184,21819,인헌초등학교,0,0,0,0,0,0,0,0,0,0,0,0,17,20,98,47,274,108,224,27,158,46,195,44,366,39,370,44,291,57,217,55,183,55,141,79,180,100,156,95,184,54,146,50,131,50,93,36,20201103
202010,관악02,관악02(낙성대역~서울대신공학관),120900185,21870,호암교수회관,0,0,0,0,0,0,0,0,0,0,0,0,0,8,2,6,1,38,0,15,0,12,1,29,6,36,6,40,4,39,5,57,3,79,8,76,2,112,2,49,3,51,0,57,0,47,1,47,20201103
202010,관악02,관악02(낙성대역~서울대신공학관),120900185,21870,호암교수회관,0,7,0,0,0,0,0,0,0,0,0,0,75,439,184,806,958,2631,1324,1912,803,1248,25,176,6,335,4,272,10,298,3,306,7,375,10,352,1,456,7,403,2,300,2,290,1,209,1,214,20201103
202010,관악02,관악02(낙성대역~서울대신공학관),120900196,21574,학부생활관,0,0,0,0,0,0,0,0,0,0,0,0,70,14,192,30,375,152,471,47,507,27,725,38,926,38,885,27,738,31,825,28,945,54,1486,81,1595,63,766,54,395,69,389,79,270,61,210,48,20201103
202011,관악02,관악02(낙성대역~서울대신공학관),120000172,21274,신소재연구소,0,0,0,0,0,0,0,0,0,0,0,0,1,29,0,56,7,312,10,354,7,215,8,139,21,128,20,106,23,73,46,59,21,64,32,39,49,55,17,26,8,13,5,10,12,13,0,2,20201203
202011,관악02,관악02(낙성대역~서울대신공학관),120000173,21275,제2공학관,0,0,0,0,0,0,0,0,0,0,3,0,44,103,62,303,95,842,153,1393,246,1843,374,1313,577,1375,757,1560,944,898,1437,806,1542,518,2335,399,2837,308,1483,240,1258,143,1386,119,1364,83,701,33,20201203
202011,관악02,관악02(낙성대역~서울대신공학관),120000174,21276,제1공학관,0,0,0,0,0,0,0,0,0,0,0,0,13,0,16,4,7,0,24,10,32,10,46,2,83,0,110,8,121,2,151,3,304,0,441,2,376,2,305,1,176,1,187,1,175,0,100,0,20201203
202011,관악02,관악02(낙성대역~서울대신공학관),120000175,21277,유전공학연구소.반도체공동연구소,0,0,0,0,0,0,0,0,0,0,0,0,20,1,7,0,21,2,16,2,35,0,86,4,106,4,107,10,144,4,190,7,433,5,1051,3,1239,7,521,0,328,6,342,2,322,0,181,1,20201203
202011,관악02,관악02(낙성대역~서울대신공학관),120000176,21278,교수회관입구,0,0,0,0,0,0,0,0,0,0,0,0,16,0,5,0,19,1,49,1,44,1,60,8,134,2,80,1,150,4,201,5,244,3,385,4,437,3,205,2,156,1,95,1,61,0,49,0,20201203
202011,관악02,관악02(낙성대역~서울대신공학관),120000177,21279,관악사삼거리,0,0,0,0,0,0,0,0,0,0,0,0,85,30,134,6,287,6,166,2,119,6,168,8,302,12,250,16,250,12,339,17,522,23,846,27,693,91,392,74,327,87,337,107,316,127,179,77,20201203
202011,관악02,관악02(낙성대역~서울대신공학관),120000186,21288,공동기기원,0,0,0,0,0,0,0,0,0,0,0,0,0,100,0,222,1,890,5,1262,9,815,13,327,14,391,18,437,13,237,13,221,10,124,12,133,3,85,2,44,0,40,0,23,0,10,1,5,20201203
202011,관악02,관악02(낙성대역~서울대신공학관),120000187,21289,유전공학연구소.반도체공동연구소,0,0,0,0,0,0,0,0,0,0,0,0,0,25,2,224,4,642,5,561,6,293,8,146,11,163,8,154,5,118,5,116,5,60,2,61,0,37,1,36,1,24,0,14,0,13,0,7,20201203
202011,관악02,관악02(낙성대역~서울대신공학관),120000188,21290,에너지자원연구소,0,0,0,0,0,0,0,0,0,0,0,0,10,24,3,110,1,502,3,716,3,447,6,241,8,248,13,351,6,235,11,208,6,131,14,118,1,77,11,52,0,33,2,23,3,10,1,6,20201203
202011,관악02,관악02(낙성대역~서울대신공학관),120900003,21595,가족생활동,0,0,0,0,0,0,0,0,0,0,0,0,63,2,258,5,290,28,249,11,139,14,160,13,164,11,181,17,179,15,264,29,419,41,496,49,430,55,224,33,111,16,123,28,199,12,33,18,20201203
202011,관악02,관악02(낙성대역~서울대신공학관),120900009,21585,BK국제관,0,0,0,0,0,0,0,0,0,0,0,0,95,9,189,29,442,21,391,23,379,35,597,20,653,34,655,25,755,29,776,39,828,52,1634,109,1499,79,667,68,312,51,278,82,229,69,144,45,20201203
202011,관악02,관악02(낙성대역~서울대신공학관),120900027,21564,대학원생활관,0,0,0,0,0,0,0,0,0,0,0,0,103,14,380,14,605,23,706,37,672,7,796,16,862,24,902,20,738,16,719,29,858,33,1125,53,1347,80,777,78,478,88,387,133,350,134,203,106,20201203
202011,관악02,관악02(낙성대역~서울대신공학관),120900090,21663,인헌아파트,0,1,0,0,0,0,0,0,0,0,26,0,2,0,0,0,0,0,0,0,0,0,68,27,74,62,79,75,63,117,73,107,52,159,52,196,30,268,14,233,8,162,9,132,6,94,4,74,20201203
202011,관악02,관악02(낙성대역~서울대신공학관),120900090,21663,인헌아파트,0,0,0,0,0,0,0,0,0,0,0,0,219,23,500,5,595,35,304,12,231,9,174,12,168,16,170,32,168,30,134,39,106,59,103,76,73,106,56,44,40,41,39,52,14,31,12,29,20201203
202011,관악02,관악02(낙성대역~서울대신공학관),120900095,21689,서울과학전시관,0,0,0,0,0,0,0,0,0,0,0,0,76,2,353,18,476,24,247,20,251,7,262,11,412,10,368,14,446,8,449,26,442,19,782,43,666,49,328,34,248,30,166,17,67,15,24,9,20201203
202011,관악02,관악02(낙성대역~서울대신공학관),120900102,21752,낙성대현대아파트,0,0,0,0,0,0,0,0,0,0,0,0,20,34,141,19,125,80,93,29,52,50,56,59,41,82,45,81,34,56,40,82,39,97,31,157,16,251,13,138,15,67,10,98,16,120,2,131,20201203
202011,관악02,관악02(낙성대역~서울대신공학관),120900110,21771,낙성대입구,0,0,0,0,0,0,0,0,0,0,0,0,45,81,120,169,132,217,189,283,89,275,116,448,163,730,80,593,47,658,54,752,84,1002,37,1592,26,2056,57,1227,66,667,111,684,105,681,10,460,20201203
202011,관악02,관악02(낙성대역~서울대신공학관),120900119,21785,낙성대역,0,0,0,0,0,0,0,0,0,0,50,17,841,699,2194,1684,5402,2675,4615,2336,3343,2184,1929,2572,2803,3263,2462,3512,1869,3841,2117,4476,2513,5988,2397,8489,2374,9388,1989,4532,1777,3108,2085,3028,2459,2518,1579,1675,20201203
202011,관악02,관악02(낙성대역~서울대신공학관),120900119,21785,낙성대역,0,0,0,0,0,0,0,0,0,0,636,334,1135,368,1612,60,4419,71,5474,87,3609,47,2763,82,2863,87,2505,78,2292,110,1748,56,1550,106,1364,95,1523,196,1606,92,1643,51,1681,64,1812,58,1490,35,20201203
202011,관악02,관악02(낙성대역~서울대신공학관),120900131,21844,낙성대현대아파트,0,0,0,0,0,0,0,0,0,0,0,0,24,35,58,133,223,244,163,65,90,63,111,33,168,61,103,61,60,46,51,75,59,130,51,145,61,131,22,89,14,51,9,53,17,57,14,44,20201203
202011,관악02,관악02(낙성대역~서울대신공학관),120900136,21858,낙성대공원.영어마을,0,0,0,0,0,0,0,0,0,0,0,0,35,43,14,146,53,189,31,76,27,83,48,51,58,107,43,70,54,91,27,72,49,289,19,40,17,40,10,32,20,17,13,14,15,13,9,12,20201203
202011,관악02,관악02(낙성대역~서울대신공학관),120900140,21864,서울과학전시관,0,3,0,0,0,0,0,0,0,0,0,0,1,48,2,104,6,315,4,119,8,74,1,55,7,99,5,123,1,78,2,98,4,199,3,140,1,113,1,60,4,44,0,41,3,39,0,16,20201203
202011,관악02,관악02(낙성대역~서울대신공학관),120900153,21882,호암교수회관,0,0,0,0,0,0,0,0,0,0,0,0,9,0,0,0,0,0,0,0,3,7,64,64,48,140,47,80,52,69,50,109,16,107,9,77,11,81,9,86,11,73,5,66,1,71,1,43,20201203
202011,관악02,관악02(낙성대역~서울대신공학관),120900157,21887,가족생활동,0,5,0,0,0,0,0,0,0,0,0,0,0,0,0,0,0,0,0,0,0,1,62,257,82,382,99,285,73,255,53,196,54,310,38,315,75,299,29,335,22,290,19,277,22,286,5,183,20201203
202011,관악02,관악02(낙성대역~서울대신공학관),120900159,21892,서울대후문.연구공원,0,15,0,0,0,0,0,0,0,0,0,0,1,22,3,28,1,45,2,26,3,25,259,374,310,682,344,509,279,486,285,420,170,447,202,497,217,480,89,573,61,634,40,777,43,913,22,809,20201203
202011,관악02,관악02(낙성대역~서울대신공학관),120900161,21895,학부생활관,0,66,0,0,0,0,0,0,0,0,0,0,5,220,8,178,58,334,88,312,65,269,62,273,124,441,160,548,90,444,115,471,75,536,66,590,69,736,33,787,16,962,24,1167,19,1502,12,1668,20201203
202011,관악02,관악02(낙성대역~서울대신공학관),120900162,21897,대학원생활관,0,64,0,0,0,0,0,0,0,0,0,0,4,141,23,172,25,480,58,547,73,546,89,433,141,630,138,682,83,542,63,622,40,585,42,640,40,801,25,934,14,944,12,1231,10,1286,6,1336,20201203
202011,관악02,관악02(낙성대역~서울대신공학관),120900163,21899,기숙사삼거리,0,1,0,0,0,0,0,0,0,0,0,0,5,116,20,171,83,918,87,1072,88,783,150,490,151,575,109,680,63,569,48,529,32,386,39,325,29,365,17,204,12,116,7,113,8,104,4,42,20201203
202011,관악02,관악02(낙성대역~서울대신공학관),120900164,21904,제2파워플랜트,0,0,0,0,0,0,0,0,0,0,0,0,0,25,0,21,0,43,0,82,0,100,0,86,0,52,9,25,8,14,0,10,3,7,3,3,2,0,0,3,0,0,0,0,0,0,0,0,20201203
202011,관악02,관악02(낙성대역~서울대신공학관),120900165,21905,건설환경종합연구소,0,0,0,0,0,0,0,0,0,0,0,0,1,76,0,41,1,62,1,361,7,922,9,551,23,200,59,112,21,69,21,32,35,21,19,9,7,8,2,5,1,2,1,3,0,3,0,0,20201203
202011,관악02,관악02(낙성대역~서울대신공학관),120900172,21915,노천강당,0,0,0,0,0,0,0,0,0,0,0,0,32,13,35,3,30,6,49,2,147,16,251,12,391,35,463,72,595,87,691,20,1200,37,1823,16,2010,31,1116,27,967,27,1006,15,1121,18,577,7,20201203
202011,관악02,관악02(낙성대역~서울대신공학관),120900172,21915,노천강당,0,0,0,0,0,0,0,0,0,0,0,0,0,311,3,517,3,1836,4,2476,31,1555,10,997,15,1152,28,1304,14,1010,17,790,16,566,19,410,77,310,7,210,5,125,5,105,1,85,25,25,20201203
202011,관악02,관악02(낙성대역~서울대신공학관),120900181,21738,낙성대공원.영어마을,0,0,0,0,0,0,0,0,0,0,0,0,0,9,24,14,76,76,42,21,35,16,72,18,73,33,84,48,124,29,149,42,443,55,300,79,66,114,23,68,18,62,55,55,10,64,6,90,20201203
202011,관악02,관악02(낙성대역~서울대신공학관),120900182,21765,인헌초등학교,0,0,0,0,0,0,0,0,0,0,0,0,12,38,49,40,88,165,26,98,14,101,10,237,9,335,15,325,48,286,30,284,41,314,16,780,20,1388,10,711,9,335,6,388,12,311,3,267,20201203
202011,관악02,관악02(낙성대역~서울대신공학관),120900183,21800,낙성대입구,0,0,0,0,0,0,0,0,0,0,27,14,253,51,279,49,747,98,345,36,344,70,389,69,640,54,701,61,422,48,373,56,384,65,332,172,391,229,470,170,498,54,471,42,431,58,469,39,20201203
202011,관악02,관악02(낙성대역~서울대신공학관),120900184,21819,인헌초등학교,0,0,0,0,0,0,0,0,0,0,0,0,22,16,71,56,293,89,190,41,130,47,159,58,405,39,357,49,270,64,220,65,201,85,177,96,166,120,175,114,160,53,151,54,137,68,98,36,20201203
202011,관악02,관악02(낙성대역~서울대신공학관),120900185,21870,호암교수회관,0,0,0,0,0,0,0,0,0,0,0,0,1,7,3,6,4,31,0,21,1,18,2,31,0,42,1,27,4,29,8,51,6,49,8,120,5,99,1,53,3,53,1,52,0,36,0,43,20201203
202011,관악02,관악02(낙성대역~서울대신공학관),120900185,21870,호암교수회관,0,5,0,0,0,0,0,0,0,0,0,0,92,482,209,866,1029,2960,1383,2662,730,1364,19,204,5,414,10,381,3,295,11,349,8,488,11,316,5,459,1,423,1,303,0,265,2,222,0,160,20201203
202011,관악02,관악02(낙성대역~서울대신공학관),120900196,21574,학부생활관,0,0,0,0,0,0,0,0,0,0,0,0,104,9,188,33,402,156,502,74,518,37,616,23,938,40,886,33,728,28,896,38,1013,45,1586,84,1704,78,720,59,351,43,340,83,236,50,182,57,20201203
202012,관악02,관악02(낙성대역~서울대신공학관),120000172,21274,신소재연구소,0,0,0,0,0,0,0,0,0,0,0,0,0,21,0,54,6,224,8,282,8,193,8,144,15,92,23,108,21,76,39,56,19,30,20,25,61,45,12,26,5,8,7,8,3,6,2,1,20210103
202012,관악02,관악02(낙성대역~서울대신공학관),120000173,21275,제2공학관,0,0,0,0,0,0,0,0,0,0,11,3,52,94,81,267,96,903,144,1432,217,1792,368,1148,598,1197,715,1247,868,740,1294,666,1366,445,1837,356,2178,347,1325,157,1190,88,1097,86,1193,53,586,18,20210103
202012,관악02,관악02(낙성대역~서울대신공학관),120000174,21276,제1공학관,0,0,0,0,0,0,0,0,0,0,0,0,4,4,6,2,7,2,10,3,32,7,38,1,67,6,73,4,104,6,85,4,161,0,364,5,330,2,242,0,125,0,147,0,97,0,79,0,20210103
202012,관악02,관악02(낙성대역~서울대신공학관),120000175,21277,유전공학연구소.반도체공동연구소,0,0,0,0,0,0,0,0,0,0,0,0,16,0,20,1,23,1,16,0,32,1,79,0,97,3,99,9,130,7,233,4,306,5,771,5,1007,12,475,2,314,1,291,4,256,7,163,4,20210103
202012,관악02,관악02(낙성대역~서울대신공학관),120000176,21278,교수회관입구,0,0,0,0,0,0,0,0,0,0,0,0,14,0,2,0,30,2,14,0,20,0,58,1,91,7,78,5,159,6,196,5,262,3,311,4,361,3,133,2,131,1,74,1,62,1,27,0,20210103
202012,관악02,관악02(낙성대역~서울대신공학관),120000177,21279,관악사삼거리,0,0,0,0,0,0,0,0,0,0,0,0,77,28,90,5,316,6,147,7,134,7,162,6,211,16,227,10,226,13,313,22,430,20,527,57,580,104,245,91,211,103,255,130,241,137,98,66,20210103
202012,관악02,관악02(낙성대역~서울대신공학관),120000186,21288,공동기기원,0,0,0,0,0,0,0,0,0,0,0,0,1,104,1,155,3,674,5,1203,11,849,7,452,8,308,10,328,9,208,9,157,8,82,15,70,8,46,3,22,1,32,0,23,1,15,0,2,20210103
202012,관악02,관악02(낙성대역~서울대신공학관),120000187,21289,유전공학연구소.반도체공동연구소,0,0,0,0,0,0,0,0,0,0,0,0,1,30,0,169,6,400,5,459,9,251,7,128,5,118,3,138,9,80,2,65,0,39,4,37,0,39,0,19,1,19,0,21,0,3,0,0,20210103
202012,관악02,관악02(낙성대역~서울대신공학관),120000188,21290,에너지자원연구소,0,0,0,0,0,0,0,0,0,0,0,0,9,33,3,105,3,438,4,548,5,392,3,224,6,249,9,242,3,158,5,123,8,63,5,64,10,93,2,41,1,37,1,20,0,11,1,1,20210103
202012,관악02,관악02(낙성대역~서울대신공학관),120900003,21595,가족생활동,0,0,0,0,0,0,0,0,0,0,0,0,31,1,172,1,179,21,187,5,122,6,123,9,113,14,123,11,112,20,212,21,321,26,260,37,297,57,128,27,74,21,96,18,108,22,28,14,20210103
202012,관악02,관악02(낙성대역~서울대신공학관),120900009,21585,BK국제관,0,0,0,0,0,0,0,0,0,0,0,0,76,8,83,21,268,30,262,12,296,13,425,20,481,38,457,37,576,42,612,46,753,51,1088,83,1209,106,536,83,246,65,227,64,134,60,67,45,20210103
202012,관악02,관악02(낙성대역~서울대신공학관),120900027,21564,대학원생활관,0,0,0,0,0,0,0,0,0,0,0,0,54,9,193,20,411,28,533,29,521,10,619,19,673,26,705,22,634,22,589,23,840,40,923,63,949,117,545,91,349,85,310,102,253,122,115,78,20210103
202012,관악02,관악02(낙성대역~서울대신공학관),120900090,21663,인헌아파트,0,0,0,0,0,0,0,0,0,0,2,0,164,20,298,3,442,20,217,14,158,14,144,13,132,23,160,58,138,33,121,41,82,50,60,69,61,100,52,50,22,47,30,47,10,32,2,17,20210103
202012,관악02,관악02(낙성대역~서울대신공학관),120900090,21663,인헌아파트,0,1,0,0,0,0,0,0,0,0,26,0,4,0,39,38,0,0,0,0,0,0,68,34,57,62,63,56,71,84,54,109,35,129,52,160,20,208,9,237,4,143,3,145,6,60,1,21,20210103
202012,관악02,관악02(낙성대역~서울대신공학관),120900095,21689,서울과학전시관,0,0,0,0,0,0,0,0,0,0,0,0,47,7,227,8,300,30,159,17,176,6,197,8,240,7,202,8,274,13,361,27,289,15,604,34,472,50,117,35,108,34,80,10,44,8,20,5,20210103
202012,관악02,관악02(낙성대역~서울대신공학관),120900102,21752,낙성대현대아파트,0,0,0,0,0,0,0,0,0,0,0,0,26,15,79,8,91,54,76,31,50,33,32,44,24,59,16,41,38,52,29,54,14,80,21,109,17,173,13,88,13,105,10,91,7,100,0,112,20210103
202012,관악02,관악02(낙성대역~서울대신공학관),120900110,21771,낙성대입구,0,0,0,0,0,0,0,0,0,0,0,0,1,57,60,90,58,102,91,193,18,164,106,348,44,420,37,468,10,443,22,524,54,746,17,956,40,1250,33,662,73,445,14,446,12,357,4,318,20210103
202012,관악02,관악02(낙성대역~서울대신공학관),120900119,21785,낙성대역,0,0,0,0,0,0,0,0,0,0,581,330,1012,326,1933,58,4019,75,4390,52,2522,71,2043,79,2436,95,2077,51,1448,57,1142,47,1205,36,1444,86,1300,155,1498,33,1382,13,1427,45,850,62,324,14,20210103
202012,관악02,관악02(낙성대역~서울대신공학관),120900119,21785,낙성대역,0,0,0,0,0,0,0,0,0,0,12,6,618,546,1293,1053,3836,1894,3430,1730,3121,1737,1945,2067,1991,2643,1971,2733,2054,3335,1858,3897,1751,5157,1624,6287,2035,7053,1476,3553,1400,2413,1685,2527,960,1864,535,1017,20210103
202012,관악02,관악02(낙성대역~서울대신공학관),120900131,21844,낙성대현대아파트,0,0,0,0,0,0,0,0,0,0,0,0,24,19,52,94,182,158,176,83,109,64,87,42,135,66,86,54,64,58,51,64,50,102,59,73,48,63,21,61,21,35,17,62,7,22,3,16,20210103
202012,관악02,관악02(낙성대역~서울대신공학관),120900136,21858,낙성대공원.영어마을,0,0,0,0,0,0,0,0,0,0,0,0,18,30,15,139,44,139,39,69,46,55,48,68,44,62,52,68,68,72,34,83,54,239,17,24,11,24,7,23,4,17,13,10,5,3,5,5,20210103
202012,관악02,관악02(낙성대역~서울대신공학관),120900140,21864,서울과학전시관,0,0,0,0,0,0,0,0,0,0,0,0,0,30,0,129,2,209,2,67,3,49,5,47,5,52,3,40,1,35,8,48,2,45,2,34,0,59,0,44,0,26,1,34,0,22,0,6,20210103
202012,관악02,관악02(낙성대역~서울대신공학관),120900153,21882,호암교수회관,0,0,0,0,0,0,0,0,0,0,0,0,5,0,0,0,0,0,0,0,0,0,61,47,53,103,41,67,32,64,31,59,11,76,11,73,5,73,1,78,3,40,2,43,4,19,3,9,20210103
202012,관악02,관악02(낙성대역~서울대신공학관),120900157,21887,가족생활동,0,2,0,0,0,0,0,0,0,0,0,0,0,0,0,1,0,1,0,0,0,0,65,160,74,249,80,226,72,223,55,177,52,259,46,301,53,256,21,314,17,220,13,212,16,134,2,63,20210103
202012,관악02,관악02(낙성대역~서울대신공학관),120900159,21892,서울대후문.연구공원,0,6,0,0,0,0,0,0,0,0,0,0,0,8,0,20,0,49,1,25,1,17,217,206,238,372,278,419,207,358,193,336,155,393,162,441,226,405,74,505,44,514,33,660,43,423,11,193,20210103
202012,관악02,관악02(낙성대역~서울대신공학관),120900161,21895,학부생활관,0,9,0,0,0,0,0,0,0,0,0,0,19,83,17,113,43,262,63,201,89,185,39,204,78,324,99,450,67,420,74,420,49,432,53,558,85,660,20,714,11,694,14,922,11,618,3,408,20210103
202012,관악02,관악02(낙성대역~서울대신공학관),120900162,21897,대학원생활관,0,8,0,0,0,0,0,0,0,0,0,0,10,116,9,116,31,402,81,388,89,381,80,359,166,549,130,611,71,535,47,528,30,529,33,586,46,739,22,865,10,815,10,1159,11,613,4,378,20210103
202012,관악02,관악02(낙성대역~서울대신공학관),120900163,21899,기숙사삼거리,0,0,0,0,0,0,0,0,0,0,0,0,7,115,19,274,125,760,174,951,191,656,123,444,132,486,113,594,56,427,39,428,30,357,23,244,30,293,17,135,11,81,10,65,8,49,2,21,20210103
202012,관악02,관악02(낙성대역~서울대신공학관),120900164,21904,제2파워플랜트,0,0,0,0,0,0,0,0,0,0,0,0,0,38,0,19,0,29,0,77,0,126,1,74,0,40,2,15,3,15,3,4,4,6,3,4,1,0,0,1,0,0,0,0,0,2,0,0,20210103
202012,관악02,관악02(낙성대역~서울대신공학관),120900165,21905,건설환경종합연구소,0,0,0,0,0,0,0,0,0,0,0,0,2,43,0,50,0,48,0,290,9,722,14,435,28,189,12,95,11,69,22,38,23,16,6,13,0,6,0,0,0,2,0,6,0,1,2,1,20210103
202012,관악02,관악02(낙성대역~서울대신공학관),120900172,21915,노천강당,0,0,0,0,0,0,0,0,0,0,0,0,114,63,344,156,841,550,360,272,207,36,376,71,563,180,525,156,682,180,824,154,1089,69,1430,37,1465,32,914,37,912,41,914,19,654,22,342,23,20210103
202012,관악02,관악02(낙성대역~서울대신공학관),120900172,21915,노천강당,0,0,0,0,0,0,0,0,0,0,0,0,1,310,2,450,5,1642,8,2229,18,1341,9,983,24,986,14,1074,23,781,14,597,8,464,28,265,14,222,4,134,2,79,1,64,1,50,9,12,20210103
202012,관악02,관악02(낙성대역~서울대신공학관),120900181,21738,낙성대공원.영어마을,0,0,0,0,0,0,0,0,0,0,0,0,0,12,9,8,82,57,20,25,59,31,117,24,53,32,67,48,72,50,85,51,425,47,159,82,40,72,14,49,16,61,14,73,3,53,0,42,20210103
202012,관악02,관악02(낙성대역~서울대신공학관),120900182,21765,인헌초등학교,0,0,0,0,0,0,0,0,0,0,0,0,11,35,36,45,57,92,47,76,15,98,10,182,9,272,17,202,24,181,6,168,35,289,16,495,22,749,8,439,8,220,12,227,11,179,1,206,20210103
202012,관악02,관악02(낙성대역~서울대신공학관),120900183,21800,낙성대입구,0,0,0,0,0,0,0,0,0,0,24,12,341,109,270,120,866,298,701,147,401,34,341,23,445,31,513,34,363,26,331,79,358,70,273,124,329,171,415,147,361,54,350,61,117,24,83,31,20210103
202012,관악02,관악02(낙성대역~서울대신공학관),120900184,21819,인헌초등학교,0,0,0,0,0,0,0,0,0,0,0,0,35,11,60,43,313,100,212,44,160,35,150,24,273,39,265,33,178,37,149,54,158,39,124,70,121,82,117,87,108,43,117,46,41,19,18,22,20210103
202012,관악02,관악02(낙성대역~서울대신공학관),120900185,21870,호암교수회관,0,2,0,0,0,0,0,0,0,0,0,0,71,424,174,798,790,2336,1051,1610,606,852,9,111,6,213,12,163,3,258,7,168,1,256,8,235,0,380,1,338,1,216,0,269,2,126,1,84,20210103
202012,관악02,관악02(낙성대역~서울대신공학관),120900185,21870,호암교수회관,0,0,0,0,0,0,0,0,0,0,0,0,0,15,0,3,1,9,2,18,4,11,4,10,0,35,3,37,3,29,2,26,4,43,3,77,2,98,1,43,0,58,0,63,0,37,1,18,20210103
202012,관악02,관악02(낙성대역~서울대신공학관),120900196,21574,학부생활관,0,0,0,0,0,0,0,0,0,0,0,0,87,15,114,21,216,193,320,59,290,33,416,24,628,30,679,33,526,24,569,44,715,42,790,53,818,74,504,62,197,53,217,70,126,45,92,38,20210103
