Date,boarding_count,alighting_count,Event
20170101.0,4396.0,4228.0,
20170102.0,10284.0,9780.0,
20170103.0,10369.0,9840.0,
20170104.0,10910.0,10373.0,
20170105.0,10725.0,10200.0,
20170106.0,11261.0,10689.0,
20170107.0,8413.0,7997.0,
20170108.0,6587.0,6331.0,
20170109.0,10888.0,10339.0,
20170110.0,10865.0,10323.0,
20170111.0,11209.0,10648.0,
20170112.0,11346.0,10810.0,
20170113.0,11405.0,10839.0,
20170114.0,7698.0,7368.0,
20170115.0,5548.0,5328.0,
20170116.0,11107.0,10537.0,
20170117.0,11014.0,10422.0,
20170118.0,11144.0,10595.0,
20170119.0,10572.0,10055.0,
20170120.0,11912.0,11314.0,
20170121.0,8325.0,7927.0,
20170122.0,5594.0,5360.0,
20170123.0,10801.0,10286.0,
20170124.0,10498.0,9982.0,
20170125.0,10449.0,9917.0,
20170126.0,8539.0,8151.0,
20170127.0,2544.0,2444.0,
20170128.0,1639.0,1585.0,
20170129.0,2551.0,2469.0,
20170130.0,4021.0,3825.0,
20170131.0,9047.0,8617.0,
20170201.0,9924.0,9415.0,
20170202.0,9608.0,9130.0,
20170203.0,10026.0,9547.0,
20170204.0,8106.0,7710.0,
20170205.0,5451.0,5224.0,
20170206.0,9695.0,9242.0,
20170207.0,10081.0,9562.0,
20170208.0,10061.0,9486.0,
20170209.0,10621.0,10032.0,
20170210.0,10694.0,10085.0,
20170211.0,7901.0,7537.0,
20170212.0,5932.0,5651.0,
20170213.0,9965.0,9442.0,
20170214.0,11258.0,10601.0,
20170215.0,10446.0,9869.0,
20170216.0,9877.0,9337.0,
20170217.0,9774.0,9274.0,
20170218.0,8179.0,7787.0,
20170219.0,6262.0,5998.0,
20170220.0,9825.0,9341.0,
20170221.0,9988.0,9514.0,
20170222.0,9956.0,9406.0,
20170223.0,10167.0,9652.0,
20170224.0,12022.0,11383.0,
20170225.0,8302.0,7903.0,
20170226.0,6869.0,6537.0,
20170227.0,10166.0,9676.0,
20170228.0,10448.0,9896.0,
20170301.0,8796.0,8276.0,
20170302.0,13163.0,12451.0,
20170303.0,12490.0,11785.0,
20170304.0,10034.0,9510.0,
20170305.0,7839.0,7456.0,
20170306.0,13081.0,12412.0,
20170307.0,13065.0,12423.0,
20170308.0,13194.0,12561.0,
20170309.0,13100.0,12413.0,
20170310.0,12499.0,11893.0,
20170311.0,10395.0,9932.0,
20170312.0,8099.0,7749.0,
20170313.0,12747.0,12140.0,
20170314.0,13107.0,12500.0,
20170315.0,12974.0,12344.0,
20170316.0,12991.0,12389.0,
20170317.0,12649.0,12080.0,
20170318.0,10000.0,9580.0,
20170319.0,8019.0,7689.0,
20170320.0,12590.0,12035.0,
20170321.0,13009.0,12427.0,
20170322.0,12116.0,11510.0,
20170323.0,12449.0,11868.0,
20170324.0,12275.0,11747.0,
20170325.0,10711.0,10249.0,
20170326.0,8367.0,7995.0,
20170327.0,12358.0,11849.0,
20170328.0,12534.0,11954.0,
20170329.0,12490.0,11903.0,
20170330.0,12766.0,12200.0,
20170331.0,12102.0,11501.0,
20170401.0,10807.0,10324.0,
20170402.0,8126.0,7805.0,
20170403.0,12270.0,11712.0,
20170404.0,12225.0,11662.0,
20170405.0,11858.0,11195.0,
20170406.0,12427.0,11847.0,
20170407.0,12392.0,11852.0,
20170408.0,13136.0,12508.0,
20170409.0,10060.0,9618.0,
20170410.0,12443.0,11881.0,
20170411.0,12155.0,11617.0,
20170412.0,12781.0,12194.0,
20170413.0,12496.0,11947.0,
20170414.0,11832.0,11281.0,
20170415.0,11163.0,10615.0,
20170416.0,8742.0,8359.0,
20170417.0,11701.0,11165.0,
20170418.0,12096.0,11559.0,
20170419.0,12346.0,11798.0,
20170420.0,12324.0,11763.0,
20170421.0,11933.0,11393.0,
20170422.0,11232.0,10728.0,
20170423.0,8304.0,7935.0,
20170424.0,12291.0,11727.0,
20170425.0,12232.0,11687.0,
20170426.0,12436.0,11838.0,
20170427.0,12527.0,11935.0,
20170428.0,12509.0,11940.0,
20170429.0,10965.0,10470.0,
20170430.0,7725.0,7402.0,
20170501.0,11090.0,10632.0,
20170502.0,12430.0,11896.0,
20170503.0,8285.0,7944.0,
20170504.0,11487.0,10983.0,
20170505.0,6948.0,6623.0,
20170506.0,6090.0,5836.0,
20170507.0,7148.0,6854.0,
20170508.0,11810.0,11281.0,
20170509.0,7152.0,6832.0,
20170510.0,12386.0,11815.0,
20170511.0,12550.0,11991.0,
20170512.0,11771.0,11275.0,
20170513.0,11464.0,10889.0,
20170514.0,9783.0,9374.0,
20170515.0,12398.0,11828.0,
20170516.0,12085.0,11506.0,
20170517.0,12043.0,11505.0,
20170518.0,12453.0,11864.0,
20170519.0,11826.0,11330.0,
20170520.0,10541.0,10100.0,
20170521.0,8934.0,8524.0,
20170522.0,11767.0,11250.0,
20170523.0,12088.0,11506.0,
20170524.0,12448.0,11821.0,
20170525.0,12461.0,11866.0,
20170526.0,12321.0,11780.0,
20170527.0,11520.0,10988.0,
20170528.0,8529.0,8178.0,
20170529.0,11730.0,11228.0,
20170530.0,12387.0,11872.0,
20170531.0,12244.0,11683.0,
20170601.0,12090.0,11518.0,
20170602.0,11674.0,11193.0,
20170603.0,11008.0,10484.0,
20170604.0,7640.0,7349.0,
20170605.0,11862.0,11344.0,
20170606.0,7831.0,7400.0,
20170607.0,11719.0,11163.0,
20170608.0,12208.0,11645.0,
20170609.0,11460.0,10986.0,
20170610.0,10947.0,10392.0,
20170611.0,8082.0,7730.0,
20170612.0,11150.0,10686.0,
20170613.0,11816.0,11278.0,
20170614.0,11735.0,11204.0,
20170615.0,11902.0,11369.0,
20170616.0,11546.0,11051.0,
20170617.0,10267.0,9833.0,
20170618.0,7134.0,6817.0,
20170619.0,10245.0,9769.0,
20170620.0,10601.0,10140.0,
20170621.0,10936.0,10432.0,
20170622.0,11103.0,10551.0,
20170623.0,11587.0,11024.0,
20170624.0,9744.0,9316.0,
20170625.0,6095.0,5867.0,
20170626.0,10591.0,10018.0,
20170627.0,10583.0,10082.0,
20170628.0,11107.0,10520.0,
20170629.0,10280.0,9780.0,
20170630.0,11067.0,10534.0,
20170701.0,8789.0,8399.0,
20170702.0,5043.0,4813.0,
20170703.0,10148.0,9593.0,
20170704.0,10634.0,10105.0,
20170705.0,11237.0,10680.0,
20170706.0,10839.0,10320.0,
20170707.0,11185.0,10593.0,
20170708.0,7761.0,7440.0,
20170709.0,6210.0,5950.0,
20170710.0,10208.0,9563.0,
20170711.0,10739.0,10212.0,
20170712.0,11524.0,10944.0,
20170713.0,10810.0,10282.0,
20170714.0,11239.0,10709.0,
20170715.0,8225.0,7871.0,
20170716.0,6065.0,5833.0,
20170717.0,10924.0,10379.0,
20170718.0,10749.0,10233.0,
20170719.0,11593.0,10993.0,
20170720.0,11092.0,10521.0,
20170721.0,11391.0,10808.0,
20170722.0,8001.0,7666.0,
20170723.0,5416.0,5212.0,
20170724.0,10636.0,10084.0,
20170725.0,10879.0,10329.0,
20170726.0,11014.0,10455.0,
20170727.0,10258.0,9764.0,
20170728.0,10135.0,9625.0,
20170729.0,7114.0,6828.0,
20170730.0,6207.0,5947.0,
20170731.0,9398.0,8897.0,
20170801.0,10457.0,9953.0,
20170802.0,10653.0,10129.0,
20170803.0,10595.0,10082.0,
20170804.0,10406.0,9879.0,
20170805.0,7633.0,7365.0,
20170806.0,5742.0,5535.0,
20170807.0,9351.0,8888.0,
20170808.0,9628.0,9126.0,
20170809.0,10205.0,9644.0,
20170810.0,9821.0,9249.0,
20170811.0,9991.0,9496.0,
20170812.0,7041.0,6705.0,
20170814.0,8753.0,8392.0,
20170815.0,5089.0,4776.0,
20170816.0,9461.0,8985.0,
20170817.0,9654.0,9184.0,
20170818.0,9992.0,9530.0,
20170819.0,8181.0,7835.0,
20170820.0,4854.0,4630.0,
20170821.0,9152.0,8691.0,
20170822.0,9586.0,9118.0,
20170823.0,9362.0,8878.0,
20170824.0,9276.0,8807.0,
20170825.0,9890.0,9369.0,
20170826.0,9035.0,8688.0,
20170827.0,6925.0,6673.0,
20170830.0,10505.0,9989.0,
20170831.0,10564.0,10049.0,
20170901.0,11802.0,11293.0,
20170902.0,10376.0,9929.0,
20170903.0,8551.0,8233.0,
20170904.0,12087.0,11546.0,
20170905.0,12203.0,11714.0,
20170906.0,12321.0,11747.0,
20170907.0,12505.0,11964.0,
20170908.0,12240.0,11698.0,
20170909.0,11615.0,11065.0,
20170910.0,8155.0,7845.0,
20170911.0,11362.0,10844.0,
20170912.0,12181.0,11673.0,
20170913.0,12255.0,11710.0,
20170914.0,12437.0,11847.0,
20170915.0,11959.0,11447.0,
20170916.0,10716.0,10283.0,
20170917.0,8150.0,7831.0,
20170918.0,11387.0,10886.0,
20170919.0,11716.0,11182.0,
20170920.0,11791.0,11270.0,
20170921.0,12384.0,11872.0,
20170922.0,11855.0,11374.0,
20170923.0,10128.0,9688.0,
20170924.0,8610.0,8265.0,
20170925.0,10993.0,10516.0,
20170926.0,11710.0,11203.0,
20170927.0,11619.0,11057.0,
20170928.0,12272.0,11742.0,
20170929.0,11801.0,11310.0,
20170930.0,8434.0,8115.0,
20171001.0,4940.0,4756.0,
20171002.0,4989.0,4838.0,
20171003.0,3006.0,2895.0,
20171004.0,2241.0,2186.0,
20171005.0,3641.0,3515.0,
20171006.0,4378.0,4235.0,
20171007.0,5533.0,5328.0,
20171008.0,5782.0,5592.0,
20171009.0,7294.0,7009.0,
20171010.0,10936.0,10469.0,
20171011.0,11262.0,10747.0,
20171012.0,11305.0,10812.0,
20171013.0,11655.0,11087.0,
20171014.0,12358.0,11790.0,
20171015.0,9513.0,9142.0,
20171016.0,11321.0,10875.0,
20171017.0,11547.0,11032.0,
20171018.0,11560.0,11063.0,
20171019.0,11576.0,11079.0,
20171020.0,11850.0,11307.0,
20171021.0,9465.0,8945.0,
20171022.0,8316.0,7942.0,
20171023.0,11059.0,10524.0,
20171024.0,11427.0,10896.0,
20171025.0,11674.0,11153.0,
20171026.0,11734.0,11223.0,
20171027.0,11725.0,11226.0,
20171028.0,11454.0,10947.0,
20171029.0,8253.0,7912.0,
20171030.0,11151.0,10673.0,
20171031.0,11528.0,11016.0,
20171101.0,11638.0,11126.0,
20171102.0,11773.0,11243.0,
20171103.0,11524.0,11006.0,
20171104.0,10759.0,10318.0,
20171105.0,8272.0,7928.0,
20171106.0,11297.0,10843.0,
20171107.0,11421.0,10937.0,
20171108.0,11982.0,11458.0,
20171109.0,11933.0,11402.0,
20171110.0,11731.0,11189.0,
20171111.0,10486.0,9930.0,
20171112.0,7324.0,7040.0,
20171113.0,11372.0,10850.0,
20171114.0,11413.0,10937.0,
20171115.0,11902.0,11399.0,
20171116.0,11554.0,11038.0,
20171117.0,11678.0,11178.0,
20171118.0,10375.0,9907.0,
20171119.0,7695.0,7373.0,
20171120.0,11178.0,10693.0,
20171121.0,11302.0,10797.0,
20171122.0,11626.0,11127.0,
20171123.0,11723.0,11199.0,
20171124.0,11588.0,11099.0,
20171125.0,9670.0,9240.0,
20171126.0,7834.0,7526.0,
20171127.0,11292.0,10808.0,
20171128.0,11312.0,10808.0,
20171129.0,11534.0,11043.0,
20171130.0,11695.0,11146.0,
20171201.0,11089.0,10561.0,
20171202.0,9115.0,8745.0,
20171203.0,6989.0,6739.0,
20171204.0,11159.0,10685.0,
20171205.0,11282.0,10788.0,
20171206.0,11370.0,10853.0,
20171207.0,11541.0,11022.0,
20171208.0,11035.0,10490.0,
20171209.0,9614.0,9174.0,
20171210.0,6161.0,5905.0,
20171211.0,10793.0,10294.0,
20171212.0,10527.0,10042.0,
20171213.0,11095.0,10547.0,
20171214.0,11265.0,10722.0,
20171215.0,10973.0,10482.0,
20171216.0,9988.0,9513.0,
20171217.0,6467.0,6225.0,
20171218.0,11259.0,10694.0,
20171219.0,10597.0,10154.0,
20171220.0,10325.0,9864.0,
20171221.0,9852.0,9440.0,
20171222.0,10995.0,10506.0,
20171223.0,7440.0,7131.0,
20171224.0,4255.0,4088.0,
20171225.0,4414.0,4261.0,
20171226.0,9690.0,9223.0,
20171227.0,9784.0,9344.0,
20171228.0,9659.0,9195.0,
20171229.0,9583.0,9132.0,
20171230.0,5958.0,5729.0,
20171231.0,3760.0,3645.0,
20180101.0,3645.0,3521.0,
20180102.0,9130.0,8689.0,
20180103.0,10218.0,9717.0,
20180104.0,10026.0,9559.0,
20180105.0,10416.0,9884.0,
20180106.0,7482.0,7165.0,
20180107.0,5778.0,5560.0,
20180108.0,10060.0,9558.0,
20180109.0,9777.0,9303.0,
20180110.0,10498.0,10003.0,
20180111.0,9507.0,9000.0,
20180112.0,9829.0,9330.0,
20180113.0,6836.0,6546.0,
20180114.0,5451.0,5237.0,
20180115.0,9978.0,9475.0,
20180116.0,9514.0,9007.0,
20180117.0,10210.0,9669.0,
20180118.0,9784.0,9236.0,
20180119.0,10049.0,9554.0,
20180120.0,7251.0,6969.0,
20180121.0,5180.0,5011.0,
20180122.0,9779.0,9331.0,
20180123.0,9596.0,9150.0,
20180124.0,9601.0,9096.0,
20180125.0,9487.0,8982.0,
20180126.0,9481.0,9010.0,
20180127.0,6892.0,6620.0,
20180128.0,5078.0,4877.0,
20180129.0,9142.0,8719.0,
20180130.0,9479.0,9023.0,
20180131.0,9476.0,8982.0,
20180201.0,9216.0,8710.0,
20180202.0,9186.0,8671.0,
20180203.0,7763.0,7403.0,
20180204.0,5297.0,5089.0,
20180205.0,8798.0,8349.0,
20180206.0,8649.0,8227.0,
20180207.0,9052.0,8571.0,
20180208.0,9151.0,8676.0,
20180209.0,9289.0,8727.0,
20180210.0,6823.0,6565.0,
20180211.0,4771.0,4582.0,
20180212.0,9297.0,8827.0,
20180213.0,9969.0,9477.0,
20180214.0,8167.0,7822.0,
20180215.0,2403.0,2336.0,
20180216.0,1670.0,1603.0,
20180217.0,2822.0,2733.0,
20180218.0,3946.0,3823.0,
20180219.0,8879.0,8467.0,
20180220.0,9733.0,9215.0,
20180221.0,10041.0,9562.0,
20180222.0,10508.0,9946.0,
20180223.0,10097.0,9584.0,
20180224.0,7453.0,7144.0,
20180225.0,6147.0,5892.0,
20180226.0,11657.0,11031.0,
20180227.0,9896.0,9369.0,
20180228.0,9998.0,9456.0,
20180301.0,7626.0,7204.0,
20180302.0,11636.0,11048.0,
20180303.0,8712.0,8289.0,
20180304.0,6949.0,6577.0,
20180305.0,11828.0,11226.0,
20180306.0,12378.0,11786.0,
20180307.0,12468.0,11860.0,
20180308.0,12697.0,11976.0,
20180309.0,11677.0,11102.0,
20180310.0,9273.0,8880.0,
20180311.0,7923.0,7583.0,
20180312.0,11742.0,11204.0,
20180313.0,12141.0,11546.0,
20180314.0,12262.0,11675.0,
20180315.0,12198.0,11562.0,
20180316.0,12090.0,11517.0,
20180317.0,9255.0,8843.0,
20180318.0,7257.0,6957.0,
20180319.0,11754.0,11256.0,
20180320.0,12490.0,11923.0,
20180321.0,12146.0,11547.0,
20180322.0,12390.0,11796.0,
20180323.0,11882.0,11348.0,
20180324.0,9876.0,9412.0,
20180325.0,7870.0,7529.0,
20180326.0,11906.0,11398.0,
20180327.0,12450.0,11906.0,
20180328.0,12431.0,11866.0,
20180329.0,12425.0,11855.0,
20180330.0,12025.0,11511.0,
20180331.0,10465.0,10000.0,
20180401.0,7260.0,6963.0,
20180402.0,11559.0,11067.0,
20180403.0,11679.0,11193.0,
20180404.0,11873.0,11380.0,
20180405.0,11616.0,11044.0,
20180406.0,12178.0,11618.0,
20180407.0,10338.0,9922.0,
20180408.0,7161.0,6886.0,
20180409.0,11608.0,11133.0,
20180410.0,12008.0,11483.0,
20180411.0,12124.0,11611.0,
20180412.0,12465.0,11932.0,
20180413.0,11726.0,11288.0,
20180414.0,10933.0,10418.0,
20180415.0,9554.0,9128.0,
20180416.0,11660.0,11161.0,
20180417.0,11814.0,11298.0,
20180418.0,11781.0,11256.0,
20180419.0,11835.0,11309.0,
20180420.0,11753.0,11237.0,
20180421.0,10248.0,9776.0,
20180422.0,7059.0,6712.0,
20180423.0,10997.0,10416.0,
20180424.0,11537.0,11032.0,
20180425.0,11743.0,11243.0,
20180426.0,12000.0,11467.0,
20180427.0,11717.0,11254.0,
20180428.0,10845.0,10375.0,
20180429.0,7838.0,7554.0,
20180430.0,11362.0,10893.0,
20180501.0,10786.0,10289.0,
20180502.0,11625.0,11142.0,
20180503.0,12576.0,12047.0,
20180504.0,12062.0,11578.0,
20180505.0,8160.0,7842.0,
20180506.0,4516.0,4351.0,
20180507.0,6962.0,6685.0,
20180508.0,11815.0,11359.0,
20180509.0,12043.0,11481.0,
20180510.0,12291.0,11774.0,
20180511.0,11943.0,11433.0,
20180513.0,8042.0,7718.0,
20180514.0,11584.0,11135.0,
20180515.0,12438.0,11925.0,
20180516.0,11719.0,11168.0,
20180517.0,12089.0,11421.0,
20180518.0,11748.0,11215.0,
20180519.0,11724.0,11221.0,
20180520.0,7905.0,7622.0,
20180521.0,11408.0,10936.0,
20180522.0,8746.0,8377.0,
20180523.0,11975.0,11479.0,
20180524.0,12343.0,11825.0,
20180525.0,11724.0,11301.0,
20180526.0,11694.0,11200.0,
20180527.0,7728.0,7446.0,
20180528.0,11671.0,11188.0,
20180529.0,11553.0,11064.0,
20180530.0,11702.0,11213.0,
20180531.0,11944.0,11445.0,
20180601.0,11647.0,11156.0,
20180602.0,11006.0,10478.0,
20180603.0,7885.0,7557.0,
20180604.0,10953.0,10504.0,
20180605.0,11668.0,11216.0,
20180606.0,8057.0,7748.0,
20180607.0,11544.0,11045.0,
20180608.0,11510.0,11071.0,
20180609.0,11437.0,10878.0,
20180611.0,11654.0,11187.0,
20180612.0,11791.0,11293.0,
20180613.0,7749.0,7413.0,
20180615.0,11002.0,10547.0,
20180616.0,9685.0,9258.0,
20180617.0,7129.0,6830.0,
20180618.0,10763.0,10362.0,
20180619.0,10627.0,10179.0,
20180620.0,10715.0,10270.0,
20180621.0,10395.0,9995.0,
20180622.0,11752.0,11223.0,
20180623.0,9661.0,9248.0,
20180624.0,6398.0,6230.0,
20180625.0,10742.0,10304.0,
20180626.0,9848.0,9333.0,
20180627.0,11156.0,10612.0,
20180628.0,10193.0,9707.0,
20180630.0,7950.0,7573.0,
20180701.0,5518.0,5268.0,
20180702.0,10619.0,10069.0,
20180703.0,10819.0,10393.0,
20180704.0,11281.0,10818.0,
20180705.0,10505.0,10046.0,
20180706.0,11135.0,10677.0,
20180707.0,8776.0,8430.0,
20180708.0,6852.0,6643.0,
20180709.0,10394.0,9858.0,
20180710.0,10673.0,10219.0,
20180711.0,11013.0,10554.0,
20180712.0,10723.0,10292.0,
20180713.0,11125.0,10681.0,
20180715.0,6263.0,6059.0,
20180716.0,10799.0,10354.0,
20180717.0,10428.0,9987.0,
20180718.0,11142.0,10638.0,
20180719.0,10779.0,10298.0,
20180720.0,11448.0,10948.0,
20180721.0,7969.0,7689.0,
20180722.0,6424.0,6216.0,
20180723.0,10767.0,10349.0,
20180724.0,10960.0,10485.0,
20180725.0,11540.0,11051.0,
20180726.0,11035.0,10578.0,
20180727.0,10935.0,10459.0,
20180728.0,6583.0,6320.0,
20180729.0,5532.0,5358.0,
20180730.0,9948.0,9493.0,
20180731.0,10015.0,9575.0,
20180801.0,9925.0,9426.0,
20180802.0,9594.0,9146.0,
20180803.0,9744.0,9310.0,
20180804.0,5884.0,5676.0,
20180805.0,5054.0,4922.0,
20180806.0,9442.0,9007.0,
20180807.0,10008.0,9585.0,
20180808.0,10610.0,10154.0,
20180809.0,9893.0,9504.0,
20180810.0,9840.0,9444.0,
20180811.0,7134.0,6849.0,
20180812.0,5300.0,5128.0,
20180813.0,9356.0,8988.0,
20180814.0,9570.0,9164.0,
20180815.0,6017.0,5809.0,
20180816.0,9427.0,9068.0,
20180817.0,10068.0,9686.0,
20180818.0,7394.0,7124.0,
20180819.0,5528.0,5341.0,
20180820.0,8870.0,8495.0,
20180821.0,9349.0,8974.0,
20180822.0,9689.0,9280.0,
20180823.0,8340.0,7973.0,
20180824.0,7857.0,7487.0,
20180825.0,8035.0,7717.0,
20180826.0,5779.0,5549.0,
20180827.0,9000.0,8561.0,
20180828.0,9373.0,8846.0,
20180829.0,10149.0,9656.0,
20180830.0,10235.0,9782.0,
20180831.0,10506.0,10074.0,
20180901.0,9847.0,9439.0,
20180902.0,7766.0,7496.0,
20180903.0,11602.0,11086.0,
20180904.0,11989.0,11527.0,
20180905.0,12276.0,11803.0,
20180906.0,12408.0,11887.0,
20180907.0,12199.0,11701.0,
20180908.0,10245.0,9853.0,
20180909.0,7961.0,7704.0,
20180910.0,11499.0,11081.0,
20180911.0,11528.0,11079.0,
20180912.0,11863.0,11396.0,
20180913.0,12006.0,11527.0,
20180914.0,12250.0,11755.0,
20180915.0,10197.0,9788.0,
20180916.0,7527.0,7284.0,
20180917.0,11949.0,11530.0,
20180918.0,11897.0,11445.0,
20180919.0,12424.0,11947.0,
20180920.0,13906.0,13279.0,
20180921.0,11391.0,10932.0,
20180922.0,6042.0,5854.0,
20180923.0,3184.0,3082.0,
20180924.0,2529.0,2449.0,
20180925.0,4057.0,3900.0,
20180926.0,6299.0,6100.0,
20180927.0,11123.0,10698.0,
20180928.0,11056.0,10658.0,
20180929.0,10521.0,10109.0,
20180930.0,7538.0,7269.0,
20181001.0,11106.0,10690.0,
20181002.0,11646.0,11222.0,
20181003.0,9074.0,8724.0,
20181004.0,11580.0,11127.0,
20181005.0,11482.0,10900.0,
20181006.0,8792.0,8411.0,
20181007.0,7958.0,7663.0,
20181008.0,11407.0,11012.0,
20181009.0,8739.0,8413.0,
20181010.0,11512.0,11069.0,
20181011.0,11793.0,11324.0,
20181012.0,11704.0,11263.0,
20181013.0,9919.0,9517.0,
20181014.0,7897.0,7590.0,
20181015.0,11664.0,11127.0,
20181016.0,11705.0,11281.0,
20181017.0,11590.0,11153.0,
20181018.0,12022.0,11527.0,
20181019.0,12092.0,11622.0,
20181020.0,12430.0,11937.0,
20181021.0,9415.0,9042.0,
20181022.0,11246.0,10827.0,
20181023.0,11138.0,10702.0,
20181024.0,11921.0,11465.0,
20181025.0,11509.0,11112.0,
20181026.0,11509.0,11032.0,
20181027.0,10961.0,10531.0,
20181028.0,7327.0,7053.0,
20181029.0,10929.0,10526.0,
20181030.0,11184.0,10765.0,
20181031.0,11729.0,11289.0,
20181101.0,11674.0,11238.0,
20181102.0,11719.0,11242.0,
20181103.0,10375.0,9965.0,
20181104.0,7810.0,7539.0,
20181105.0,11048.0,10615.0,
20181106.0,11329.0,10903.0,
20181107.0,11538.0,11139.0,
20181108.0,12136.0,11580.0,
20181109.0,11640.0,11171.0,
20181110.0,9635.0,9294.0,
20181111.0,7607.0,7361.0,
20181112.0,11111.0,10658.0,
20181113.0,11355.0,10916.0,
20181114.0,11439.0,10978.0,
20181115.0,11630.0,11188.0,
20181116.0,11471.0,11031.0,
20181117.0,10375.0,9960.0,
20181118.0,7398.0,7141.0,
20181119.0,11130.0,10719.0,
20181120.0,11467.0,11042.0,
20181121.0,11395.0,10936.0,
20181122.0,11848.0,11359.0,
20181123.0,11167.0,10690.0,
20181124.0,9803.0,9378.0,
20181125.0,7291.0,7008.0,
20181126.0,10904.0,10478.0,
20181127.0,11090.0,10671.0,
20181128.0,11265.0,10826.0,
20181129.0,11515.0,11038.0,
20181130.0,11173.0,10683.0,
20181201.0,8556.0,8231.0,
20181202.0,6454.0,6208.0,
20181203.0,10502.0,10070.0,
20181204.0,10770.0,10347.0,
20181205.0,10729.0,10297.0,
20181206.0,11062.0,10626.0,
20181207.0,10815.0,10336.0,
20181208.0,8751.0,8393.0,
20181209.0,5823.0,5617.0,
20181210.0,10483.0,10086.0,
20181211.0,10363.0,9998.0,
20181212.0,10696.0,10272.0,
20181213.0,11444.0,10983.0,
20181214.0,11264.0,10821.0,
20181215.0,9442.0,9009.0,
20181216.0,6335.0,6119.0,
20181217.0,9943.0,9554.0,
20181218.0,10035.0,9630.0,
20181219.0,9967.0,9554.0,
20181220.0,10239.0,9844.0,
20181221.0,10462.0,10047.0,
20181222.0,7963.0,7652.0,
20181223.0,6003.0,5791.0,
20181224.0,9082.0,8733.0,
20181225.0,4493.0,4374.0,
20181226.0,10156.0,9746.0,
20181227.0,9089.0,8734.0,
20181228.0,9629.0,9215.0,
20181229.0,5812.0,5592.0,
20181230.0,4055.0,3921.0,
20181231.0,7994.0,7682.0,
20190101.0,3805.0,3687.0,
20190102.0,9872.0,9528.0,
20190103.0,9366.0,8971.0,
20190104.0,10163.0,9765.0,
20190105.0,7138.0,6877.0,
20190106.0,5454.0,5244.0,
20190107.0,10023.0,9582.0,
20190108.0,9821.0,9443.0,
20190109.0,10343.0,9886.0,
20190110.0,9943.0,9539.0,
20190111.0,10312.0,9832.0,
20190112.0,7358.0,7057.0,
20190113.0,5130.0,4956.0,
20190114.0,9911.0,9439.0,
20190115.0,9678.0,9268.0,
20190116.0,10529.0,10069.0,
20190117.0,10290.0,9822.0,
20190118.0,10182.0,9762.0,
20190119.0,6750.0,6480.0,
20190120.0,4978.0,4842.0,
20190121.0,9688.0,9313.0,
20190122.0,9177.0,8802.0,
20190123.0,9726.0,9271.0,
20190124.0,9444.0,9010.0,
20190125.0,9649.0,9276.0,
20190126.0,7413.0,7159.0,
20190127.0,4949.0,4789.0,
20190128.0,8947.0,8545.0,
20190129.0,9010.0,8658.0,
20190130.0,8834.0,8468.0,
20190131.0,8908.0,8558.0,
20190201.0,8457.0,8113.0,
20190202.0,4258.0,4129.0,
20190203.0,2376.0,2301.0,
20190204.0,2003.0,1954.0,
20190205.0,1621.0,1573.0,
20190206.0,3167.0,3077.0,
20190207.0,8073.0,7741.0,
20190208.0,8382.0,8015.0,
20190209.0,6514.0,6278.0,
20190210.0,4895.0,4735.0,
20190211.0,9392.0,8940.0,
20190212.0,10239.0,9661.0,
20190213.0,9438.0,9017.0,
20190214.0,9528.0,9105.0,
20190215.0,9594.0,9140.0,
20190216.0,7663.0,7384.0,
20190217.0,6093.0,5891.0,
20190218.0,8967.0,8606.0,
20190219.0,9393.0,8986.0,
20190220.0,9076.0,8700.0,
20190221.0,9193.0,8825.0,
20190222.0,9252.0,8905.0,
20190223.0,7673.0,7377.0,
20190224.0,5580.0,5401.0,
20190225.0,9182.0,8787.0,
20190226.0,11471.0,10881.0,
20190227.0,9491.0,9033.0,
20190228.0,9487.0,9089.0,
20190301.0,7019.0,6690.0,
20190302.0,8196.0,7838.0,
20190303.0,7566.0,7194.0,
20190304.0,12442.0,11841.0,
20190305.0,12487.0,11889.0,
20190306.0,12397.0,11836.0,
20190307.0,12730.0,12177.0,
20190308.0,12351.0,11767.0,
20190309.0,9028.0,8654.0,
20190310.0,6795.0,6513.0,
20190311.0,12284.0,11781.0,
20190312.0,12290.0,11754.0,
20190313.0,12293.0,11755.0,
20190314.0,12527.0,11998.0,
20190315.0,11718.0,11236.0,
20190316.0,9592.0,9200.0,
20190317.0,7336.0,7024.0,
20190318.0,11956.0,11495.0,
20190319.0,12177.0,11701.0,
20190320.0,12282.0,11727.0,
20190321.0,12291.0,11779.0,
20190322.0,11871.0,11364.0,
20190323.0,9973.0,9521.0,
20190324.0,7608.0,7289.0,
20190325.0,11668.0,11228.0,
20190326.0,12233.0,11748.0,
20190327.0,11937.0,11473.0,
20190328.0,11767.0,11298.0,
20190329.0,11666.0,11262.0,
20190330.0,8946.0,8576.0,
20190331.0,7342.0,7066.0,
20190401.0,11343.0,10917.0,
20190402.0,11377.0,10959.0,
20190403.0,11689.0,11218.0,
20190404.0,11710.0,11248.0,
20190405.0,11603.0,11163.0,
20190406.0,9029.0,8649.0,
20190407.0,7317.0,7064.0,
20190408.0,11450.0,11027.0,
20190409.0,11849.0,11325.0,
20190410.0,11676.0,11213.0,
20190411.0,11615.0,11214.0,
20190412.0,11479.0,11021.0,
20190413.0,11029.0,10545.0,
20190414.0,6957.0,6706.0,
20190415.0,11232.0,10825.0,
20190416.0,11430.0,11000.0,
20190417.0,11351.0,10957.0,
20190418.0,11459.0,11007.0,
20190419.0,11275.0,10842.0,
20190420.0,9648.0,9236.0,
20190421.0,7166.0,6905.0,
20190422.0,11193.0,10753.0,
20190423.0,11208.0,10810.0,
20190424.0,11336.0,10876.0,
20190425.0,11658.0,11152.0,
20190426.0,11676.0,11196.0,
20190427.0,10882.0,10423.0,
20190428.0,7286.0,7049.0,
20190429.0,11371.0,10922.0,
20190430.0,11794.0,11382.0,
20190501.0,11054.0,10586.0,
20190502.0,11884.0,11459.0,
20190503.0,11801.0,11361.0,
20190504.0,9100.0,8731.0,
20190505.0,5829.0,5626.0,
20190506.0,7638.0,7329.0,
20190507.0,11643.0,11219.0,
20190508.0,11827.0,11395.0,
20190509.0,11885.0,11442.0,
20190510.0,11885.0,11451.0,
20190511.0,10509.0,10116.0,
20190512.0,7913.0,7646.0,
20190513.0,11224.0,10821.0,
20190514.0,12063.0,11629.0,
20190515.0,12561.0,12109.0,
20190516.0,12747.0,12234.0,
20190517.0,12503.0,12025.0,
20190518.0,11137.0,10701.0,
20190519.0,6748.0,6486.0,
20190520.0,11371.0,10954.0,
20190521.0,11110.0,10695.0,
20190522.0,11560.0,11139.0,
20190523.0,12125.0,11663.0,
20190524.0,11350.0,10945.0,
20190525.0,10614.0,10200.0,
20190526.0,8110.0,7832.0,
20190527.0,10744.0,10353.0,
20190528.0,11312.0,10897.0,
20190529.0,11684.0,11267.0,
20190530.0,11804.0,11359.0,
20190531.0,11203.0,10822.0,
20190601.0,9689.0,9327.0,
20190602.0,7139.0,6916.0,
20190603.0,10597.0,10254.0,
20190604.0,10962.0,10581.0,
20190605.0,11297.0,10912.0,
20190606.0,7564.0,7285.0,
20190607.0,9729.0,9364.0,
20190608.0,9903.0,9542.0,
20190609.0,6662.0,6449.0,
20190610.0,10875.0,10513.0,
20190611.0,10987.0,10603.0,
20190612.0,11008.0,10609.0,
20190613.0,11177.0,10793.0,
20190614.0,11149.0,10731.0,
20190615.0,9633.0,9250.0,
20190616.0,6261.0,6057.0,
20190617.0,9909.0,9582.0,
20190618.0,9554.0,9211.0,
20190619.0,9466.0,9117.0,
20190620.0,9726.0,9378.0,
20190621.0,9651.0,9296.0,
20190622.0,9566.0,9203.0,
20190623.0,6271.0,6072.0,
20190624.0,10537.0,10109.0,
20190625.0,10215.0,9829.0,
20190626.0,10642.0,10212.0,
20190627.0,9879.0,9531.0,
20190628.0,10720.0,10337.0,
20190629.0,7609.0,7357.0,
20190630.0,6322.0,6117.0,
20190701.0,10264.0,9838.0,
20190702.0,9968.0,9585.0,
20190703.0,10594.0,10230.0,
20190704.0,9857.0,9512.0,
20190705.0,11044.0,10624.0,
20190706.0,8516.0,8216.0,
20190707.0,6368.0,6154.0,
20190708.0,10141.0,9750.0,
20190709.0,9930.0,9587.0,
20190710.0,10455.0,10031.0,
20190711.0,9904.0,9531.0,
20190712.0,10538.0,10140.0,
20190713.0,7986.0,7687.0,
20190714.0,5869.0,5700.0,
20190715.0,10301.0,9910.0,
20190716.0,9594.0,9291.0,
20190717.0,10195.0,9864.0,
20190718.0,9565.0,9207.0,
20190719.0,10492.0,10102.0,
20190720.0,6869.0,6622.0,
20190721.0,5265.0,5105.0,
20190722.0,10714.0,10240.0,
20190723.0,10309.0,9929.0,
20190724.0,10674.0,10165.0,
20190725.0,10090.0,9690.0,
20190726.0,10460.0,9976.0,
20190727.0,6774.0,6511.0,
20190728.0,4326.0,4176.0,
20190729.0,9374.0,9034.0,
20190730.0,9367.0,9049.0,
20190731.0,9118.0,8709.0,
20190801.0,9762.0,9423.0,
20190802.0,9939.0,9564.0,
20190803.0,6042.0,5845.0,
20190804.0,5328.0,5158.0,
20190805.0,9398.0,9005.0,
20190806.0,10020.0,9623.0,
20190807.0,9502.0,9104.0,
20190808.0,9858.0,9470.0,
20190809.0,9782.0,9392.0,
20190810.0,7119.0,6845.0,
20190811.0,5908.0,5722.0,
20190812.0,8907.0,8529.0,
20190813.0,9565.0,9201.0,
20190814.0,10157.0,9725.0,
20190815.0,5529.0,5324.0,
20190816.0,8929.0,8596.0,
20190817.0,6442.0,6205.0,
20190818.0,5940.0,5736.0,
20190819.0,9395.0,9029.0,
20190820.0,9636.0,9254.0,
20190821.0,9323.0,8944.0,
20190822.0,9325.0,8952.0,
20190823.0,9665.0,9309.0,
20190824.0,7927.0,7655.0,
20190825.0,5852.0,5700.0,
20190826.0,9186.0,8828.0,
20190827.0,9226.0,8892.0,
20190828.0,10154.0,9742.0,
20190829.0,10294.0,9863.0,
20190830.0,10112.0,9700.0,
20190831.0,9286.0,8978.0,
20190901.0,8470.0,8145.0,
20190902.0,12252.0,11790.0,
20190903.0,12151.0,11665.0,
20190904.0,12191.0,11669.0,
20190905.0,12398.0,11842.0,
20190906.0,12716.0,12197.0,
20190907.0,6700.0,6459.0,
20190908.0,8394.0,8152.0,
20190909.0,11938.0,11521.0,
20190910.0,12159.0,11641.0,
20190911.0,13138.0,12628.0,
20190912.0,3991.0,3864.0,
20190913.0,2779.0,2696.0,
20190914.0,4183.0,4049.0,
20190915.0,6851.0,6664.0,
20190916.0,11768.0,11328.0,
20190917.0,11977.0,11514.0,
20190918.0,12468.0,11987.0,
20190919.0,12462.0,11991.0,
20190920.0,12605.0,12131.0,
20190921.0,10787.0,10373.0,
20190922.0,7389.0,7150.0,
20190923.0,11640.0,11224.0,
20190924.0,12101.0,11651.0,
20190925.0,12171.0,11745.0,
20190926.0,12349.0,11853.0,
20190927.0,12758.0,12321.0,
20190928.0,11812.0,11366.0,
20190929.0,9201.0,8866.0,
20190930.0,11842.0,11415.0,
20191001.0,12071.0,11641.0,
20191002.0,12513.0,12014.0,
20191003.0,7910.0,7617.0,
20191004.0,11583.0,11161.0,
20191005.0,10617.0,10189.0,
20191006.0,8183.0,7870.0,
20191007.0,11142.0,10690.0,
20191008.0,12030.0,11623.0,
20191009.0,9688.0,9324.0,
20191010.0,12105.0,11687.0,
20191011.0,11991.0,11528.0,
20191012.0,12007.0,11590.0,
20191013.0,9811.0,9506.0,
20191014.0,11380.0,11026.0,
20191015.0,11867.0,11426.0,
20191016.0,11490.0,11116.0,
20191017.0,12326.0,11886.0,
20191018.0,12160.0,11737.0,
20191019.0,11775.0,11227.0,
20191020.0,7986.0,7696.0,
20191021.0,11202.0,10841.0,
20191022.0,11180.0,10762.0,
20191023.0,11428.0,11064.0,
20191024.0,11925.0,11517.0,
20191025.0,12070.0,11642.0,
20191026.0,11557.0,11131.0,
20191027.0,8373.0,8089.0,
20191028.0,11840.0,11456.0,
20191029.0,11947.0,11530.0,
20191030.0,12204.0,11760.0,
20191031.0,12637.0,12204.0,
20191101.0,11644.0,11252.0,
20191102.0,10737.0,10362.0,
20191103.0,8295.0,8049.0,
20191104.0,11558.0,11144.0,
20191105.0,11500.0,11127.0,
20191106.0,11663.0,11242.0,
20191107.0,12411.0,12001.0,
20191108.0,11947.0,11525.0,
20191109.0,10707.0,10313.0,
20191110.0,8013.0,7755.0,
20191111.0,11551.0,11137.0,
20191112.0,11590.0,11175.0,
20191113.0,11650.0,11219.0,
20191114.0,12042.0,11625.0,
20191115.0,11675.0,11201.0,
20191116.0,11001.0,10557.0,
20191117.0,6681.0,6468.0,
20191118.0,11661.0,11266.0,
20191119.0,11459.0,11020.0,
20191120.0,11919.0,11503.0,
20191121.0,12174.0,11720.0,
20191122.0,11591.0,11116.0,
20191123.0,10275.0,9842.0,
20191124.0,7641.0,7362.0,
20191125.0,11107.0,10770.0,
20191126.0,11458.0,11076.0,
20191127.0,11739.0,11324.0,
20191128.0,12269.0,11830.0,
20191129.0,12140.0,11685.0,
20191130.0,9499.0,9153.0,
20191201.0,6639.0,6405.0,
20191202.0,11010.0,10641.0,
20191203.0,11115.0,10725.0,
20191204.0,11355.0,10971.0,
20191205.0,11543.0,11136.0,
20191206.0,11075.0,10606.0,
20191207.0,9922.0,9477.0,
20191208.0,6866.0,6685.0,
20191209.0,10658.0,10287.0,
20191210.0,10795.0,10400.0,
20191211.0,10875.0,10477.0,
20191212.0,11455.0,11023.0,
20191213.0,11549.0,11078.0,
20191214.0,9913.0,9518.0,
20191215.0,7289.0,7060.0,
20191216.0,10217.0,9879.0,
20191217.0,10020.0,9632.0,
20191218.0,10106.0,9764.0,
20191219.0,10565.0,10199.0,
20191220.0,11112.0,10717.0,
20191221.0,8645.0,8351.0,
20191222.0,6520.0,6342.0,
20191223.0,10706.0,10310.0,
20191224.0,9296.0,8986.0,
20191225.0,4769.0,4671.0,
20191226.0,9693.0,9335.0,
20191227.0,9891.0,9571.0,
20191228.0,7359.0,7118.0,
20191229.0,5371.0,5211.0,
20191230.0,9922.0,9551.0,
20191231.0,7967.0,7709.0,
20200101.0,4086.0,3974.0,
20200102.0,9490.0,9166.0,
20200103.0,10302.0,9955.0,
20200104.0,7165.0,6925.0,
20200105.0,5838.0,5654.0,
20200106.0,10338.0,9918.0,
20200107.0,10188.0,9776.0,
20200108.0,10545.0,10166.0,
20200109.0,10579.0,10146.0,
20200110.0,10977.0,10555.0,
20200111.0,7875.0,7607.0,
20200112.0,6000.0,5829.0,
20200113.0,10408.0,10014.0,
20200114.0,10341.0,9950.0,
20200115.0,11034.0,10628.0,
20200116.0,10066.0,9656.0,
20200117.0,10664.0,10264.0,
20200118.0,7155.0,6898.0,
20200119.0,5367.0,5222.0,
20200120.0,10570.0,10174.0,
20200121.0,9860.0,9508.0,
20200122.0,10384.0,10018.0,
20200123.0,8651.0,8395.0,
20200124.0,2723.0,2658.0,
20200125.0,1767.0,1709.0,
20200126.0,2683.0,2613.0,
20200127.0,3998.0,3886.0,
20200128.0,8517.0,8242.0,
20200129.0,8835.0,8556.0,
20200130.0,8912.0,8579.0,
20200131.0,8936.0,8563.0,
20200201.0,5897.0,5714.0,
20200202.0,4537.0,4418.0,
20200203.0,8329.0,8042.0,
20200204.0,8570.0,8256.0,
20200205.0,8487.0,8154.0,
20200206.0,8194.0,7888.0,
20200207.0,8285.0,7980.0,
20200208.0,6301.0,6106.0,
20200209.0,4613.0,4485.0,
20200210.0,8263.0,7957.0,
20200211.0,9328.0,8962.0,
20200212.0,8450.0,8113.0,
20200213.0,8533.0,8224.0,
20200214.0,8784.0,8498.0,
20200215.0,6601.0,6389.0,
20200216.0,4659.0,4532.0,
20200217.0,8725.0,8410.0,
20200218.0,8642.0,8300.0,
20200219.0,8816.0,8505.0,
20200220.0,8616.0,8331.0,
20200221.0,8147.0,7865.0,
20200222.0,5161.0,4992.0,
20200223.0,3663.0,3563.0,
20200224.0,6021.0,5787.0,
20200225.0,5805.0,5583.0,
20200226.0,6167.0,5989.0,
20200227.0,5507.0,5316.0,
20200228.0,5118.0,4914.0,
20200229.0,2779.0,2698.0,
20200301.0,2578.0,2499.0,
20200302.0,4744.0,4594.0,
20200303.0,4788.0,4645.0,
20200304.0,5077.0,4909.0,
20200305.0,4796.0,4637.0,
20200306.0,5061.0,4874.0,
20200307.0,4215.0,4066.0,
20200308.0,4059.0,3913.0,
20200309.0,5810.0,5589.0,
20200310.0,5418.0,5195.0,
20200311.0,5786.0,5599.0,
20200312.0,5600.0,5393.0,
20200313.0,5726.0,5531.0,
20200314.0,4184.0,4025.0,
20200315.0,3813.0,3680.0,
20200316.0,5690.0,5475.0,
20200317.0,5499.0,5283.0,
20200318.0,5693.0,5453.0,
20200319.0,5446.0,5249.0,
20200320.0,6284.0,6053.0,
20200321.0,4650.0,4494.0,
20200322.0,4178.0,4047.0,
20200323.0,5551.0,5368.0,
20200324.0,5545.0,5359.0,
20200325.0,5864.0,5673.0,
20200326.0,5690.0,5485.0,
20200327.0,6105.0,5891.0,
20200328.0,4950.0,4785.0,
20200329.0,4406.0,4284.0,
20200330.0,5614.0,5447.0,
20200331.0,5754.0,5529.0,
20200401.0,5892.0,5694.0,
20200402.0,5653.0,5459.0,
20200403.0,6325.0,6094.0,
20200404.0,5210.0,5027.0,
20200405.0,5157.0,4989.0,
20200406.0,5610.0,5442.0,
20200407.0,5770.0,5585.0,
20200408.0,5878.0,5696.0,
20200409.0,5778.0,5586.0,
20200410.0,6702.0,6445.0,
20200411.0,5905.0,5659.0,
20200412.0,5740.0,5582.0,
20200413.0,5571.0,5396.0,
20200414.0,6111.0,5911.0,
20200415.0,4987.0,4827.0,
20200416.0,6103.0,5899.0,
20200417.0,6054.0,5838.0,
20200418.0,5558.0,5354.0,
20200419.0,5249.0,5073.0,
20200420.0,5683.0,5487.0,
20200421.0,6113.0,5897.0,
20200422.0,6197.0,5955.0,
20200423.0,5991.0,5797.0,
20200424.0,6540.0,6337.0,
20200425.0,5723.0,5527.0,
20200426.0,6149.0,5984.0,
20200427.0,6104.0,5906.0,
20200428.0,6269.0,6052.0,
20200429.0,6676.0,6432.0,
20200430.0,5249.0,5053.0,
20200801.0,4603.0,4447.0,
20200802.0,3456.0,3344.0,
20200803.0,7255.0,6986.0,
20200804.0,7432.0,7184.0,
20200805.0,7421.0,7176.0,
20200806.0,7509.0,7236.0,
20200807.0,7641.0,7345.0,
20200808.0,4996.0,4839.0,
20200809.0,3423.0,3301.0,
20200810.0,8041.0,7762.0,
20200811.0,7712.0,7431.0,
20200812.0,8075.0,7790.0,
20200813.0,8251.0,7963.0,
20200814.0,8040.0,7775.0,
20200815.0,4370.0,4190.0,
20200816.0,4517.0,4377.0,
20200817.0,4876.0,4739.0,
20200818.0,7623.0,7395.0,
20200819.0,7396.0,7156.0,
20200820.0,7139.0,6875.0,
20200821.0,6961.0,6728.0,
20200822.0,4383.0,4250.0,
20200823.0,4732.0,4605.0,
20200824.0,6732.0,6516.0,
20200825.0,6914.0,6681.0,
20200826.0,6830.0,6620.0,
20200827.0,6010.0,5802.0,
20200828.0,6829.0,6593.0,
20200829.0,4087.0,3948.0,
20200830.0,5401.0,5225.0,
20200831.0,6925.0,6682.0,
20200901.0,6271.0,6058.0,
20200902.0,6108.0,5867.0,
20200903.0,5769.0,5586.0,
20200904.0,6772.0,6540.0,
20200905.0,5442.0,5264.0,
20200906.0,5419.0,5223.0,
20200907.0,5739.0,5526.0,
20200908.0,6355.0,6161.0,
20200909.0,6165.0,5960.0,
20200910.0,6363.0,6152.0,
20200911.0,7018.0,6768.0,
20200912.0,4806.0,4643.0,
20200913.0,6338.0,6133.0,
20200914.0,6352.0,6141.0,
20200915.0,6775.0,6553.0,
20200916.0,6588.0,6345.0,
20200917.0,6523.0,6312.0,
20200918.0,7520.0,7271.0,
20200919.0,6296.0,6082.0,
20200920.0,6659.0,6459.0,
20200921.0,6746.0,6519.0,
20200922.0,7105.0,6849.0,
20200923.0,7109.0,6874.0,
20200924.0,7038.0,6808.0,
20200925.0,7836.0,7604.0,
20200926.0,6669.0,6449.0,
20200927.0,6656.0,6473.0,
20200928.0,6605.0,6399.0,
20200929.0,6691.0,6485.0,
20200930.0,3288.0,3177.0,
20201001.0,2195.0,2134.0,
20201002.0,3024.0,2945.0,
20201003.0,4165.0,4055.0,
20201004.0,6028.0,5855.0,
20201005.0,6938.0,6716.0,
20201006.0,7199.0,6937.0,
20201007.0,7136.0,6916.0,
20201008.0,7756.0,7522.0,
20201009.0,6606.0,6404.0,
20201010.0,6820.0,6595.0,
20201011.0,7203.0,6977.0,
20201012.0,7268.0,7050.0,
20201013.0,7505.0,7285.0,
20201014.0,7605.0,7377.0,
20201015.0,7379.0,7107.0,
20201016.0,8234.0,7949.0,
20201017.0,7370.0,7147.0,
20201018.0,6316.0,6083.0,
20201019.0,7607.0,7362.0,
20201020.0,7962.0,7708.0,
20201021.0,7897.0,7667.0,
20201022.0,7952.0,7683.0,
20201023.0,8691.0,8415.0,
20201024.0,7538.0,7300.0,
20201025.0,6331.0,6142.0,
20201026.0,7726.0,7470.0,
20201027.0,7626.0,7396.0,
20201028.0,7840.0,7576.0,
20201029.0,7948.0,7680.0,
20201030.0,8569.0,8277.0,
20201031.0,7946.0,7669.0,
20201101.0,5306.0,5172.0,
20201102.0,7589.0,7384.0,
20201103.0,7868.0,7672.0,
20201104.0,7705.0,7516.0,
20201105.0,7747.0,7552.0,
20201106.0,8474.0,8250.0,
20201107.0,7740.0,7536.0,
20201108.0,6410.0,6259.0,
20201109.0,7486.0,7294.0,
20201110.0,7755.0,7574.0,
20201111.0,7835.0,7618.0,
20201112.0,7937.0,7746.0,
20201113.0,8483.0,8247.0,
20201114.0,7364.0,7148.0,
20201115.0,6499.0,6335.0,
20201116.0,7525.0,7345.0,
20201117.0,7792.0,7593.0,
20201118.0,7512.0,7296.0,
20201119.0,7322.0,7132.0,
20201120.0,8304.0,8093.0,
20201121.0,6415.0,6262.0,
20201122.0,4537.0,4431.0,
20201123.0,6794.0,6620.0,
20201124.0,6539.0,6354.0,
20201125.0,6207.0,6045.0,
20201126.0,6032.0,5885.0,
20201127.0,6675.0,6526.0,
20201128.0,5014.0,4861.0,
20201129.0,4323.0,4234.0,
20201130.0,5958.0,5828.0,
20201201.0,6199.0,6028.0,
20201202.0,6627.0,6469.0,
20201203.0,6811.0,6599.0,
20201204.0,6837.0,6642.0,
20201205.0,5289.0,5121.0,
20201206.0,4373.0,4280.0,
20201207.0,6283.0,6099.0,
20201208.0,6667.0,6505.0,
20201209.0,5126.0,5000.0,
20201210.0,5063.0,4952.0,
20201211.0,5599.0,5435.0,
20201212.0,4555.0,4441.0,
20201213.0,3911.0,3813.0,
20201214.0,6015.0,5858.0,
20201215.0,5940.0,5740.0,
20201216.0,5556.0,5420.0,
20201217.0,5427.0,5282.0,
20201218.0,5718.0,5564.0,
20201219.0,4223.0,4101.0,
20201220.0,3502.0,3410.0,
20201221.0,5970.0,5835.0,
20201222.0,6298.0,6120.0,
20201223.0,5993.0,5850.0,
20201224.0,5869.0,5718.0,
20201225.0,2652.0,2601.0,
20201226.0,3191.0,3119.0,
20201227.0,3023.0,2931.0,
20201228.0,5514.0,5403.0,
20201229.0,5676.0,5545.0,
20201230.0,5411.0,5296.0,
20201231.0,4808.0,4692.0,
20210101.0,2226.0,2159.0,
20210102.0,3046.0,2973.0,
20210103.0,2892.0,2829.0,
20210104.0,5597.0,5439.0,
20210105.0,5604.0,5460.0,
20210106.0,4582.0,4492.0,
20210107.0,6061.0,5876.0,
20210108.0,6191.0,5995.0,
20210109.0,3515.0,3384.0,
20210110.0,3222.0,3162.0,
20210111.0,6186.0,6033.0,
20210112.0,6527.0,6357.0,
20210113.0,6252.0,6091.0,
20210114.0,5935.0,5791.0,
20210115.0,5868.0,5714.0,
20210116.0,4286.0,4198.0,
20210117.0,3366.0,3291.0,
20210118.0,6075.0,5911.0,
20210119.0,6146.0,5991.0,
20210120.0,6300.0,6159.0,
20210121.0,6079.0,5897.0,
20210122.0,6212.0,6046.0,
20210123.0,4587.0,4490.0,
20210124.0,3898.0,3813.0,
20210125.0,6314.0,6140.0,
20210126.0,6254.0,6094.0,
20210127.0,6510.0,6341.0,
20210128.0,6114.0,5972.0,
20210129.0,6369.0,6210.0,
20210130.0,4264.0,4179.0,
20210131.0,3973.0,3889.0,
20210201.0,6704.0,6512.0,
20210202.0,6540.0,6379.0,
20210203.0,6567.0,6407.0,
20210204.0,6655.0,6472.0,
20210205.0,6516.0,6356.0,
20210206.0,4524.0,4430.0,
20210207.0,3697.0,3614.0,
20210208.0,6558.0,6390.0,
20210209.0,6406.0,6258.0,
20210210.0,6132.0,5989.0,
20210211.0,2450.0,2403.0,
20210212.0,1702.0,1659.0,
20210213.0,3000.0,2944.0,
20210214.0,3330.0,3260.0,
20210215.0,6417.0,6258.0,
20210216.0,6608.0,6451.0,
20210217.0,6725.0,6554.0,
20210218.0,6600.0,6426.0,
20210219.0,7010.0,6832.0,
20210220.0,5263.0,5147.0,
20210221.0,4389.0,4301.0,
20210222.0,7030.0,6843.0,
20210223.0,6873.0,6703.0,
20210224.0,7252.0,7079.0,
20210225.0,7086.0,6917.0,
20210226.0,7725.0,7522.0,
20210227.0,5512.0,5369.0,
20210228.0,5363.0,5192.0,
20210301.0,4670.0,4409.0,
20210302.0,8301.0,7960.0,
20210303.0,7869.0,7596.0,
20210304.0,7682.0,7435.0,
20210305.0,8274.0,8017.0,
20210306.0,6939.0,6766.0,
20210307.0,6103.0,5914.0,
20210308.0,7459.0,7265.0,
20210309.0,7694.0,7504.0,
20210310.0,7649.0,7418.0,
20210311.0,7614.0,7422.0,
20210312.0,8391.0,8174.0,
20210313.0,6999.0,6819.0,
20210314.0,5766.0,5592.0,
20210315.0,7362.0,7169.0,
20210316.0,7508.0,7306.0,
20210317.0,7829.0,7634.0,
20210318.0,7639.0,7484.0,
20210319.0,8713.0,8457.0,
20210320.0,6138.0,5932.0,
20210321.0,6254.0,6110.0,
20210322.0,7482.0,7312.0,
20210323.0,7762.0,7557.0,
20210324.0,7912.0,7730.0,
20210325.0,7897.0,7705.0,
20210326.0,8734.0,8513.0,
20210327.0,6153.0,5980.0,
20210328.0,5589.0,5462.0,
20210329.0,7518.0,7362.0,
20210330.0,7681.0,7453.0,
20210331.0,7913.0,7726.0,
20210401.0,7966.0,7755.0,
20210402.0,9094.0,8855.0,
20210403.0,5724.0,5528.0,
20210404.0,5868.0,5754.0,
20210405.0,7639.0,7437.0,
20210406.0,7840.0,7670.0,
20210407.0,7750.0,7547.0,
20210408.0,6950.0,6781.0,
20210409.0,7941.0,7753.0,
20210410.0,7250.0,7071.0,
20210411.0,6246.0,6073.0,
20210412.0,6887.0,6681.0,
20210413.0,7197.0,7043.0,
20210414.0,7659.0,7482.0,
20210415.0,7694.0,7508.0,
20210416.0,7955.0,7748.0,
20210417.0,6740.0,6566.0,
20210418.0,5937.0,5781.0,
20210419.0,7421.0,7232.0,
20210420.0,7795.0,7595.0,
20210421.0,8188.0,7965.0,
20210422.0,8027.0,7813.0,
20210423.0,8161.0,7944.0,
20210424.0,7370.0,7178.0,
20210425.0,6317.0,6147.0,
20210426.0,8038.0,7864.0,
20210427.0,7849.0,7655.0,
20210428.0,8015.0,7814.0,
20210429.0,8542.0,8327.0,
20210430.0,8596.0,8393.0,
20210501.0,6653.0,6469.0,
20210502.0,6228.0,6066.0,
20210503.0,7975.0,7793.0,
20210504.0,8346.0,8101.0,
20210505.0,6941.0,6792.0,
20210506.0,8100.0,7927.0,
20210507.0,8491.0,8302.0,
20210508.0,5601.0,5496.0,
20210509.0,5950.0,5811.0,
20210510.0,7997.0,7804.0,
20210511.0,8028.0,7840.0,
20210512.0,8447.0,8267.0,
20210513.0,8645.0,8461.0,
20210514.0,9186.0,8948.0,
20210515.0,6735.0,6560.0,
20210516.0,4709.0,4572.0,
20210517.0,7645.0,7441.0,
20210518.0,8199.0,7993.0,
20210519.0,7685.0,7492.0,
20210520.0,7959.0,7737.0,
20210521.0,8552.0,8342.0,
20210522.0,7608.0,7414.0,
20210523.0,6339.0,6211.0,
20210524.0,7771.0,7604.0,
20210525.0,8064.0,7867.0,
20210526.0,7999.0,7816.0,
20210527.0,7889.0,7685.0,
20210528.0,8573.0,8353.0,
20210529.0,7306.0,7114.0,
20210530.0,6370.0,6224.0,
20210531.0,7347.0,7166.0,
20210601.0,7636.0,7438.0,
20210602.0,8052.0,7874.0,
20210603.0,7627.0,7375.0,
20210604.0,8367.0,8169.0,
20210605.0,7242.0,7050.0,
20210606.0,5673.0,5555.0,
20210607.0,7642.0,7435.0,
20210608.0,8278.0,8058.0,
20210609.0,8636.0,8414.0,
20210610.0,9586.0,9347.0,
20210611.0,8475.0,8265.0,
20210612.0,7268.0,7059.0,
20210613.0,5950.0,5808.0,
20210614.0,9349.0,9145.0,
20210615.0,8844.0,8630.0,
20210616.0,8637.0,8459.0,
20210617.0,8514.0,8304.0,
20210618.0,8203.0,7987.0,
20210619.0,7183.0,7045.0,
20210620.0,5965.0,5828.0,
20210621.0,8534.0,8354.0,
20210622.0,8606.0,8397.0,
20210623.0,8297.0,8075.0,
20210624.0,8837.0,8643.0,
20210625.0,8705.0,8503.0,
20210626.0,6688.0,6537.0,
20210627.0,5948.0,5810.0,
20210628.0,8123.0,7934.0,
20210629.0,8613.0,8418.0,
20210630.0,8252.0,8055.0,
20210701.0,8751.0,8536.0,
20210702.0,8814.0,8629.0,
20210703.0,6306.0,6143.0,
20210704.0,4424.0,4329.0,
20210705.0,8192.0,7996.0,
20210706.0,8814.0,8605.0,
20210707.0,8491.0,8302.0,
20210708.0,8294.0,8115.0,
20210709.0,8132.0,7943.0,
20210710.0,5765.0,5633.0,
20210711.0,4576.0,4478.0,
20210712.0,7428.0,7276.0,
20210713.0,7524.0,7331.0,
20210714.0,7768.0,7613.0,
20210715.0,7544.0,7371.0,
20210716.0,7639.0,7466.0,
20210717.0,5398.0,5275.0,
20210718.0,4595.0,4486.0,
20210719.0,7621.0,7436.0,
20210720.0,7933.0,7725.0,
20210721.0,7855.0,7685.0,
20210722.0,7898.0,7737.0,
20210723.0,7551.0,7382.0,
20210724.0,5203.0,5092.0,
20210725.0,4458.0,4383.0,
20210726.0,7551.0,7385.0,
20210727.0,7537.0,7360.0,
20210728.0,7485.0,7327.0,
20210729.0,7483.0,7315.0,
20210730.0,7469.0,7317.0,
20210731.0,5064.0,4984.0,
20210801.0,3837.0,3757.0,
20210802.0,7182.0,7017.0,
20210803.0,7173.0,7005.0,
20210804.0,7444.0,7272.0,
20210805.0,7493.0,7336.0,
20210806.0,7549.0,7373.0,
20210807.0,5122.0,5012.0,
20210808.0,4110.0,4039.0,
20210809.0,8054.0,7855.0,
20210810.0,7811.0,7635.0,
20210811.0,7841.0,7675.0,
20210812.0,7880.0,7674.0,
20210813.0,8303.0,8117.0,
20210814.0,5013.0,4901.0,
20210815.0,4236.0,4151.0,
20210816.0,4862.0,4764.0,
20210817.0,8373.0,8195.0,
20210818.0,7780.0,7599.0,
20210819.0,7869.0,7703.0,
20210820.0,7938.0,7764.0,
20210821.0,4633.0,4548.0,
20210822.0,4861.0,4776.0,
20210823.0,7645.0,7472.0,
20210824.0,7518.0,7307.0,
20210825.0,7735.0,7559.0,
20210826.0,8228.0,8032.0,
20210827.0,7936.0,7750.0,
20210828.0,5743.0,5625.0,
20210829.0,5120.0,4997.0,
20210830.0,8587.0,8368.0,
20210831.0,8260.0,7986.0,
20210901.0,7398.0,7253.0,
20210902.0,7741.0,7571.0,
20210903.0,8439.0,8248.0,
20210904.0,7001.0,6858.0,
20210905.0,5808.0,5703.0,
20210906.0,8273.0,8069.0,
20210907.0,7587.0,7378.0,
20210908.0,7972.0,7798.0,
20210909.0,8120.0,7930.0,
20210910.0,8731.0,8552.0,
20210911.0,7447.0,7284.0,
20210912.0,6413.0,6249.0,
20210913.0,8075.0,7893.0,
20210914.0,7849.0,7680.0,
20210915.0,7980.0,7824.0,
20210916.0,8275.0,8101.0,
20210917.0,8610.0,8436.0,
20210918.0,5397.0,5288.0,
20210919.0,3755.0,3680.0,
20210920.0,2692.0,2614.0,
20210921.0,2273.0,2232.0,
20210922.0,4113.0,4061.0,
20210923.0,7289.0,7135.0,
20210924.0,8480.0,8312.0,
20210925.0,7033.0,6867.0,
20210926.0,6355.0,6233.0,
20210927.0,8256.0,8086.0,
20210928.0,8284.0,8090.0,
20210929.0,7890.0,7700.0,
20210930.0,8307.0,8136.0,
20211001.0,9133.0,8936.0,
20211002.0,7507.0,7354.0,
20211003.0,6106.0,5969.0,
20211004.0,5731.0,5597.0,
20211005.0,8100.0,7944.0,
20211006.0,7932.0,7719.0,
20211007.0,8016.0,7865.0,
20211008.0,8953.0,8767.0,
20211009.0,7059.0,6902.0,
20211010.0,5521.0,5390.0,
20211011.0,5876.0,5747.0,
20211012.0,8274.0,8114.0,
20211013.0,7991.0,7826.0,
20211014.0,8787.0,8588.0,
20211015.0,8429.0,8206.0,
20211016.0,7192.0,7041.0,
20211017.0,5884.0,5756.0,
20211018.0,8132.0,7938.0,
20211019.0,8019.0,7865.0,
20211020.0,8648.0,8477.0,
20211021.0,8690.0,8494.0,
20211022.0,9089.0,8874.0,
20211023.0,8253.0,8042.0,
20211024.0,6505.0,6315.0,
20211025.0,8449.0,8273.0,
20211026.0,8907.0,8733.0,
20211027.0,8648.0,8488.0,
20211028.0,8765.0,8581.0,
20211029.0,9319.0,9120.0,
20211030.0,7977.0,7796.0,
20211031.0,6881.0,6746.0,
20211101.0,8353.0,8165.0,
20211102.0,8714.0,8533.0,
20211103.0,8989.0,8786.0,
20211104.0,8606.0,8406.0,
20211105.0,9391.0,9178.0,
20211106.0,8381.0,8153.0,
20211107.0,7243.0,7084.0,
20211108.0,8327.0,8079.0,
20211109.0,8892.0,8654.0,
20211110.0,8686.0,8473.0,
20211111.0,8950.0,8757.0,
20211112.0,9423.0,9211.0,
20211113.0,7917.0,7745.0,
20211114.0,6725.0,6565.0,
20211115.0,8523.0,8336.0,
20211116.0,8889.0,8716.0,
20211117.0,8908.0,8726.0,
20211118.0,8525.0,8340.0,
20211119.0,9285.0,9065.0,
20211120.0,7548.0,7327.0,
20211121.0,6394.0,6268.0,
20211122.0,8622.0,8442.0,
20211123.0,8781.0,8618.0,
20211124.0,7807.0,7656.0,
20211125.0,7830.0,7678.0,
20211126.0,8868.0,8655.0,
20211127.0,7338.0,7169.0,
20211128.0,6576.0,6443.0,
20211129.0,8137.0,7966.0,
20211130.0,8155.0,7926.0,
20211201.0,8279.0,8108.0,
20211202.0,8269.0,8091.0,
20211203.0,8919.0,8685.0,
20211204.0,6620.0,6487.0,
20211205.0,5643.0,5548.0,
20211206.0,8176.0,8004.0,
20211207.0,8173.0,7984.0,
20211208.0,8326.0,8137.0,
20211209.0,8164.0,8015.0,
20211210.0,8103.0,7905.0,
20211211.0,6983.0,6821.0,
20211212.0,5288.0,5180.0,
20211213.0,8461.0,8240.0,
20211214.0,8731.0,8540.0,
20211215.0,8332.0,8155.0,
20211216.0,8933.0,8757.0,
20211217.0,8949.0,8766.0,
20211218.0,6495.0,6358.0,
20211219.0,5664.0,5557.0,
20211220.0,8296.0,8142.0,
20211221.0,8265.0,8094.0,
20211222.0,8471.0,8277.0,
20211223.0,8534.0,8352.0,
20211224.0,7972.0,7824.0,
20211225.0,4249.0,4179.0,
20211226.0,3940.0,3869.0,
20211227.0,7472.0,7304.0,
20211228.0,7546.0,7363.0,
20211229.0,7747.0,7560.0,
20211230.0,7344.0,7187.0,
20211231.0,6485.0,6375.0,
20220101.0,3293.0,3230.0,
20220102.0,3973.0,3906.0,
20220103.0,7487.0,7313.0,
20220104.0,7566.0,7394.0,
20220105.0,7852.0,7658.0,
20220106.0,7834.0,7654.0,
20220107.0,8150.0,7971.0,
20220108.0,5621.0,5517.0,
20220109.0,4851.0,4742.0,
20220110.0,8086.0,7893.0,
20220111.0,8270.0,8089.0,
20220112.0,8085.0,7876.0,
20220113.0,7979.0,7797.0,
20220114.0,8159.0,7976.0,
20220115.0,6309.0,6193.0,
20220116.0,4877.0,4773.0,
20220117.0,7881.0,7691.0,
20220118.0,8125.0,7916.0,
20220119.0,8402.0,8185.0,
20220120.0,8054.0,7845.0,
20220121.0,8153.0,7974.0,
20220122.0,6383.0,6247.0,
20220123.0,4846.0,4744.0,
20220124.0,8359.0,8183.0,
20220125.0,8092.0,7918.0,
20220126.0,8200.0,8017.0,
20220127.0,7902.0,7721.0,
20220128.0,7401.0,7238.0,
20220129.0,4119.0,4050.0,
20220130.0,2955.0,2890.0,
20220131.0,2114.0,2073.0,
20220201.0,1876.0,1842.0,
20220202.0,3321.0,3262.0,
20220203.0,6457.0,6317.0,
20220204.0,7006.0,6846.0,
20220205.0,4768.0,4658.0,
20220206.0,4248.0,4169.0,
20220207.0,7463.0,7300.0,
20220208.0,7166.0,7022.0,
20220209.0,7207.0,7053.0,
20220210.0,7556.0,7389.0,
20220211.0,7188.0,7009.0,
20220212.0,5222.0,5108.0,
20220213.0,4661.0,4572.0,
20220214.0,8033.0,7849.0,
20220215.0,7777.0,7600.0,
20220216.0,7923.0,7733.0,
20220217.0,7460.0,7300.0,
20220218.0,7329.0,7167.0,
20220219.0,5969.0,5836.0,
20220220.0,4418.0,4315.0,
20220221.0,7477.0,7311.0,
20220222.0,7172.0,7009.0,
20220223.0,7422.0,7247.0,
20220224.0,7250.0,7083.0,
20220225.0,8069.0,7882.0,
20220226.0,5293.0,5141.0,
20220227.0,5447.0,5225.0,
20220228.0,8415.0,8101.0,
20220301.0,6379.0,6145.0,
20220302.0,10009.0,9685.0,
20220303.0,9718.0,9446.0,
20220304.0,9994.0,9701.0,
20220305.0,7756.0,7486.0,
20220306.0,6078.0,5907.0,
20220307.0,9836.0,9519.0,
20220308.0,9929.0,9631.0,
20220309.0,6721.0,6517.0,
20220310.0,9410.0,9153.0,
20220311.0,8647.0,8426.0,
20220312.0,6906.0,6753.0,
20220313.0,4728.0,4608.0,
20220314.0,9205.0,8920.0,
20220315.0,9191.0,8966.0,
20220316.0,8956.0,8729.0,
20220317.0,9029.0,8775.0,
20220318.0,8878.0,8651.0,
20220319.0,5853.0,5676.0,
20220320.0,5866.0,5719.0,
20220321.0,9149.0,8931.0,
20220322.0,9270.0,9026.0,
20220323.0,9181.0,8894.0,
20220324.0,9114.0,8883.0,
20220325.0,9231.0,8943.0,
20220326.0,6491.0,6324.0,
20220327.0,6718.0,6544.0,
20220328.0,9275.0,9004.0,
20220329.0,9150.0,8937.0,
20220330.0,9131.0,8892.0,
20220331.0,9170.0,8933.0,
20220401.0,9490.0,9228.0,
20220402.0,7817.0,7630.0,
20220403.0,6854.0,6683.0,
20220404.0,9534.0,9278.0,
20220405.0,9842.0,9592.0,
20220406.0,9920.0,9680.0,
20220407.0,9765.0,9540.0,
20220408.0,9673.0,9388.0,
20220409.0,8161.0,7951.0,
20220410.0,7137.0,6973.0,
20220411.0,9888.0,9677.0,
20220412.0,9792.0,9560.0,
20220413.0,9856.0,9604.0,
20220414.0,9839.0,9601.0,
20220415.0,9308.0,9078.0,
20220416.0,8299.0,8121.0,
20220417.0,6660.0,6509.0,
20220418.0,9712.0,9508.0,
20220419.0,9653.0,9417.0,
20220420.0,9872.0,9627.0,
20220421.0,9632.0,9413.0,
20220422.0,9241.0,9013.0,
20220423.0,8206.0,8032.0,
20220424.0,6387.0,6222.0,
20220425.0,10233.0,10001.0,
20220426.0,10245.0,10002.0,
20220427.0,10908.0,10659.0,
20220428.0,10949.0,10676.0,
20220429.0,10209.0,9900.0,
20220430.0,9101.0,8870.0,
20220501.0,7423.0,7229.0,
20220502.0,10632.0,10395.0,
20220503.0,10535.0,10286.0,
20220504.0,11021.0,10771.0,
20220505.0,8153.0,7966.0,
20220506.0,8998.0,8830.0,
20220507.0,7033.0,6860.0,
20220508.0,6326.0,6166.0,
20220509.0,10403.0,10140.0,
20220510.0,11291.0,11007.0,
20220511.0,11519.0,11239.0,
20220512.0,12229.0,11936.0,
20220513.0,10799.0,10541.0,
20220514.0,9069.0,8847.0,
20220515.0,7736.0,7546.0,
20220516.0,10896.0,10637.0,
20220517.0,10971.0,10731.0,
20220518.0,10573.0,10336.0,
20220519.0,10788.0,10566.0,
20220520.0,10351.0,10101.0,
20220521.0,9162.0,8904.0,
20220522.0,7415.0,7237.0,
20220523.0,10398.0,10188.0,
20220524.0,10382.0,10128.0,
20220525.0,10929.0,10655.0,
20220526.0,10716.0,10480.0,
20220527.0,10766.0,10476.0,
20220528.0,9068.0,8823.0,
20220529.0,6904.0,6753.0,
20220530.0,9734.0,9527.0,
20220531.0,10327.0,10107.0,
20220601.0,7066.0,6878.0,
20220602.0,9871.0,9644.0,
20220603.0,9338.0,9140.0,
20220604.0,7714.0,7524.0,
20220605.0,5719.0,5578.0,
20220606.0,5175.0,5043.0,
20220607.0,9816.0,9617.0,
20220608.0,10016.0,9765.0,
20220609.0,9734.0,9520.0,
20220610.0,9496.0,9257.0,
20220611.0,8380.0,8106.0,
20220612.0,6755.0,6580.0,
20220613.0,9846.0,9603.0,
20220614.0,10232.0,9992.0,
20220615.0,9571.0,9356.0,
20220616.0,9491.0,9289.0,
20220617.0,8986.0,8782.0,
20220618.0,7927.0,7724.0,
20220619.0,6036.0,5904.0,
20220620.0,8652.0,8509.0,
20220621.0,9075.0,8849.0,
20220622.0,10054.0,9837.0,
20220623.0,9357.0,9040.0,
20220624.0,9807.0,9587.0,
20220625.0,7439.0,7258.0,
20220626.0,5676.0,5526.0,
20220627.0,9314.0,9095.0,
20220628.0,9060.0,8831.0,
20220629.0,9593.0,9351.0,
20220630.0,8892.0,8621.0,
20220701.0,9537.0,9335.0,
20220702.0,7114.0,6948.0,
20220703.0,5818.0,5675.0,
20220704.0,9376.0,9178.0,
20220705.0,9224.0,9030.0,
20220706.0,9983.0,9753.0,
20220707.0,9012.0,8799.0,
20220708.0,9454.0,9240.0,
20220709.0,7493.0,7339.0,
20220710.0,6333.0,6183.0,
20220711.0,8903.0,8699.0,
20220712.0,9231.0,9058.0,
20220713.0,9136.0,8876.0,
20220714.0,9053.0,8867.0,
20220715.0,9728.0,9511.0,
20220716.0,6891.0,6754.0,
20220717.0,6036.0,5913.0,
20220718.0,9081.0,8887.0,
20220719.0,9012.0,8819.0,
20220720.0,9706.0,9510.0,
20220721.0,8569.0,8385.0,
20220722.0,9099.0,8932.0,
20220723.0,6870.0,6707.0,
20220724.0,5182.0,5078.0,
20220725.0,9057.0,8900.0,
20220726.0,9044.0,8870.0,
20220727.0,8901.0,8686.0,
20220728.0,8927.0,8767.0,
20220729.0,8837.0,8658.0,
20220730.0,6054.0,5927.0,
20220731.0,4532.0,4409.0,
20220801.0,7983.0,7828.0,
20220802.0,7925.0,7739.0,
20220803.0,8307.0,8097.0,
20220804.0,8334.0,8133.0,
20220805.0,8492.0,8303.0,
20220806.0,5692.0,5564.0,
20220807.0,5092.0,4976.0,
20220808.0,7760.0,7501.0,
20220809.0,6372.0,6153.0,
20220810.0,7606.0,7415.0,
20220811.0,7564.0,7393.0,
20220812.0,8714.0,8526.0,
20220813.0,4936.0,4839.0,
20220814.0,4506.0,4397.0,
20220815.0,4468.0,4360.0,
20220816.0,8021.0,7843.0,
20220817.0,8256.0,8078.0,
20220818.0,8255.0,8070.0,
20220819.0,8455.0,8207.0,
20220820.0,6405.0,6248.0,
20220821.0,5591.0,5465.0,
20220822.0,8012.0,7827.0,
20220823.0,8401.0,8207.0,
20220824.0,8265.0,8065.0,
20220825.0,7862.0,7682.0,
20220826.0,8377.0,8179.0,
20220827.0,7310.0,7157.0,
20220828.0,6775.0,6617.0,
20220829.0,9115.0,8885.0,
20220830.0,8885.0,8616.0,
20220831.0,9410.0,9207.0,
20220901.0,11243.0,10960.0,
20220902.0,10477.0,10252.0,
20220903.0,9059.0,8855.0,
20220904.0,6114.0,5969.0,
20220905.0,10077.0,9702.0,
20220906.0,10004.0,9818.0,
20220907.0,11648.0,11412.0,
20220908.0,11257.0,10957.0,
20220909.0,4179.0,4111.0,
20220910.0,2265.0,2227.0,
20220911.0,3480.0,3416.0,
20220912.0,5852.0,5698.0,
20220913.0,10547.0,10340.0,
20220914.0,10892.0,10635.0,
20220915.0,11155.0,10893.0,
20220916.0,10843.0,10615.0,
20220917.0,8985.0,8771.0,
20220918.0,7530.0,7349.0,
20220919.0,10271.0,10049.0,
20220920.0,10662.0,10443.0,
20220921.0,10781.0,10542.0,
20220922.0,10985.0,10717.0,
20220923.0,10413.0,10194.0,
20220924.0,9164.0,8973.0,
20220925.0,7574.0,7420.0,
20220926.0,10444.0,10241.0,
20220927.0,10865.0,10630.0,
20220928.0,10806.0,10591.0,
20220929.0,11366.0,11134.0,
20220930.0,10315.0,10093.0,
20221001.0,8088.0,7852.0,
20221002.0,6275.0,6136.0,
20221003.0,5620.0,5470.0,
20221004.0,10418.0,10185.0,
20221005.0,10447.0,10232.0,
20221006.0,10933.0,10668.0,
20221007.0,10764.0,10521.0,
20221008.0,8795.0,8575.0,
20221009.0,5489.0,5321.0,
20221010.0,6195.0,6025.0,
20221011.0,10691.0,10461.0,
20221012.0,10200.0,9964.0,
20221013.0,10410.0,10177.0,
20221014.0,10616.0,10387.0,
20221015.0,9940.0,9706.0,
20221016.0,8331.0,8139.0,
20221017.0,9955.0,9738.0,
20221018.0,9967.0,9721.0,
20221019.0,9890.0,9662.0,
20221020.0,10211.0,10006.0,
20221021.0,9845.0,9650.0,
20221022.0,8731.0,8526.0,
20221023.0,6982.0,6806.0,
20221024.0,9914.0,9692.0,
20221025.0,10409.0,10169.0,
20221026.0,10537.0,10307.0,
20221027.0,10346.0,10119.0,
20221028.0,10499.0,10275.0,
20221029.0,8755.0,8551.0,
20221030.0,7105.0,6952.0,
20221031.0,10005.0,9798.0,
20221101.0,10002.0,9769.0,
20221102.0,10606.0,10370.0,
20221103.0,10368.0,10118.0,
20221104.0,10096.0,9885.0,
20221105.0,8461.0,8229.0,
20221106.0,7617.0,7442.0,
20221107.0,9682.0,9496.0,
20221108.0,10080.0,9875.0,
20221109.0,10522.0,10259.0,
20221110.0,10562.0,10338.0,
20221111.0,10185.0,9992.0,
20221112.0,7656.0,7440.0,
20221113.0,6787.0,6625.0,
20221114.0,10120.0,9909.0,
20221115.0,10067.0,9845.0,
20221116.0,10183.0,9972.0,
20221117.0,10248.0,10004.0,
20221118.0,9837.0,9623.0,
20221119.0,7816.0,7613.0,
20221120.0,6913.0,6752.0,
20221121.0,9793.0,9551.0,
20221122.0,9947.0,9736.0,
20221123.0,10000.0,9796.0,
20221124.0,8580.0,8403.0,
20221125.0,8855.0,8613.0,
20221126.0,7601.0,7434.0,
20221127.0,6602.0,6454.0,
20221128.0,9645.0,9399.0,
20221129.0,9980.0,9768.0,
20221130.0,9923.0,9693.0,
20221201.0,9323.0,9117.0,
20221202.0,9134.0,8941.0,
20221203.0,7050.0,6885.0,
20221204.0,6293.0,6143.0,
20221205.0,9417.0,9217.0,
20221206.0,9476.0,9274.0,
20221207.0,9449.0,9239.0,
20221208.0,9405.0,9203.0,
20221209.0,9166.0,8973.0,
20221210.0,7718.0,7491.0,
20221211.0,5989.0,5867.0,
20221212.0,9133.0,8916.0,
20221213.0,10075.0,9816.0,
20221214.0,9934.0,9710.0,
20221215.0,9439.0,9232.0,
20221216.0,9563.0,9362.0,
20221217.0,6905.0,6757.0,
20221218.0,5631.0,5483.0,
20221219.0,8682.0,8505.0,
20221220.0,8429.0,8236.0,
20221221.0,9548.0,9353.0,
20221222.0,9298.0,9122.0,
20221223.0,9081.0,8892.0,
20221224.0,4936.0,4835.0,
20221225.0,4059.0,3987.0,
20221226.0,8068.0,7899.0,
20221227.0,7966.0,7787.0,
20221228.0,8007.0,7840.0,
20221229.0,7897.0,7731.0,
20221230.0,7244.0,7096.0,
20221231.0,4131.0,4054.0,
20230101.0,3581.0,3496.0,
20230102.0,7551.0,7400.0,
20230103.0,7804.0,7654.0,
20230104.0,8299.0,8100.0,
20230105.0,8026.0,7836.0,
20230106.0,8508.0,8330.0,
20230107.0,5861.0,5716.0,
20230108.0,4760.0,4651.0,
20230109.0,8035.0,7880.0,
20230110.0,8287.0,8108.0,
20230111.0,8617.0,8419.0,
20230112.0,7938.0,7791.0,
20230113.0,7969.0,7763.0,
20230114.0,5729.0,5586.0,
20230115.0,4599.0,4480.0,
20230116.0,8141.0,7960.0,
20230117.0,8357.0,8199.0,
20230118.0,8345.0,8166.0,
20230119.0,8300.0,8133.0,
20230120.0,7412.0,7260.0,
20230121.0,2501.0,2462.0,
20230122.0,1520.0,1487.0,
20230123.0,2495.0,2450.0,
20230124.0,2781.0,2739.0,
20230125.0,7141.0,6997.0,
20230126.0,8225.0,8042.0,
20230127.0,8030.0,7849.0,
20230128.0,5644.0,5494.0,
20230129.0,4553.0,4463.0,
20230130.0,7422.0,7269.0,
20230131.0,7922.0,7748.0,
20230201.0,7704.0,7555.0,
20230202.0,7878.0,7693.0,
20230203.0,8104.0,7946.0,
20230204.0,6021.0,5886.0,
20230205.0,4629.0,4553.0,
20230206.0,7161.0,7013.0,
20230207.0,7580.0,7425.0,
20230208.0,7563.0,7399.0,
20230209.0,7475.0,7313.0,
20230210.0,7674.0,7524.0,
20230211.0,6341.0,6183.0,
20230212.0,4524.0,4432.0,
20230213.0,7739.0,7550.0,
20230214.0,7966.0,7798.0,
20230215.0,7489.0,7306.0,
20230216.0,7785.0,7587.0,
20230217.0,7698.0,7509.0,
20230218.0,5295.0,5138.0,
20230219.0,4942.0,4827.0,
20230220.0,7724.0,7551.0,
20230221.0,7513.0,7355.0,
20230222.0,7787.0,7620.0,
20230223.0,7886.0,7706.0,
20230224.0,9396.0,9183.0,
20230225.0,5804.0,5654.0,
20230226.0,5636.0,5469.0,
20230227.0,8994.0,8707.0,
20230228.0,9447.0,9148.0,
20230301.0,7501.0,7230.0,1 
20230302.0,11751.0,11415.0,"1 , , 1  "
20230303.0,10947.0,10606.0,
20230304.0,7636.0,7416.0,
20230305.0,6656.0,6433.0,
20230306.0,11314.0,10985.0,
20230307.0,11637.0,11349.0,
20230308.0,11300.0,10980.0,
20230309.0,11625.0,11322.0,"  , 2  "
20230310.0,10829.0,10554.0,
20230311.0,8178.0,7991.0,
20230312.0,5977.0,5813.0,
20230313.0,10970.0,10690.0,
20230314.0,11508.0,11197.0,
20230315.0,11236.0,10942.0,
20230316.0,11391.0,11121.0,
20230317.0,10775.0,10506.0,
20230318.0,8241.0,8023.0,
20230319.0,6914.0,6756.0,
20230320.0,10942.0,10671.0,
20230321.0,11214.0,10928.0,
20230322.0,10800.0,10541.0,
20230323.0,10811.0,10540.0,   
20230324.0,10560.0,10327.0,
20230325.0,8395.0,8165.0,
20230326.0,7089.0,6899.0,
20230327.0,11154.0,10903.0, 1/4
20230328.0,11213.0,10946.0,
20230329.0,10907.0,10668.0,
20230330.0,11689.0,11373.0,
20230331.0,10982.0,10750.0,
20230401.0,8711.0,8466.0,
20230402.0,7248.0,7065.0,
20230403.0,10951.0,10702.0,"2 ,  "
20230404.0,11425.0,11149.0,
20230405.0,11159.0,10816.0,
20230406.0,11593.0,11309.0,
20230407.0,10816.0,10548.0,
20230408.0,8817.0,8560.0,
20230409.0,7386.0,7207.0,
20230410.0,10564.0,10334.0,
20230411.0,10488.0,10243.0,
20230412.0,10669.0,10412.0,
20230413.0,10952.0,10700.0,
20230414.0,10558.0,10321.0,
20230415.0,7691.0,7481.0,
20230416.0,6618.0,6485.0,
20230417.0,10337.0,10106.0,
20230418.0,10368.0,10118.0,
20230419.0,10457.0,10240.0,
20230420.0,10628.0,10392.0,"1   ,  2/4, 1 "
20230421.0,9883.0,9669.0,
20230422.0,8427.0,8231.0,
20230423.0,6556.0,6403.0,
20230424.0,10494.0,10276.0,"2 , ,  "
20230425.0,10789.0,10543.0,
20230426.0,11006.0,10764.0,
20230427.0,11117.0,10838.0,
20230428.0,10857.0,10586.0,
20230429.0,8104.0,7896.0,
20230430.0,7188.0,6999.0,
20230501.0,10079.0,9850.0,
20230502.0,11044.0,10780.0,
20230503.0,11576.0,11270.0,
20230504.0,11568.0,11318.0,
20230505.0,5485.0,5331.0,
20230506.0,5868.0,5698.0,
20230507.0,6399.0,6240.0,
20230508.0,10882.0,10644.0,
20230509.0,11070.0,10820.0,  
20230510.0,10862.0,10633.0,
20230511.0,11083.0,10823.0,
20230512.0,11543.0,11279.0,
20230513.0,8926.0,8693.0,
20230514.0,7547.0,7356.0,
20230515.0,11223.0,10981.0,
20230516.0,10964.0,10707.0,
20230517.0,10886.0,10644.0, 3/4
20230518.0,10854.0,10583.0,
20230519.0,10679.0,10444.0,
20230520.0,9111.0,8858.0,
20230521.0,7346.0,7198.0,
20230522.0,10820.0,10590.0,
20230523.0,10892.0,10678.0,
20230524.0,10793.0,10551.0,
20230525.0,11139.0,10882.0,
20230526.0,10383.0,10162.0,
20230527.0,7110.0,6912.0,
20230528.0,5175.0,5012.0,
20230529.0,6423.0,6281.0,2    
20230530.0,10794.0,10556.0,
20230531.0,10773.0,10546.0,
20230601.0,10665.0,10412.0,
20230602.0,10288.0,10038.0,
20230603.0,8560.0,8346.0,
20230604.0,6557.0,6424.0,
20230605.0,10055.0,9842.0,
20230606.0,6875.0,6709.0,
20230607.0,9988.0,9773.0,
20230608.0,10383.0,10169.0,
20230609.0,10021.0,9803.0,
20230610.0,8205.0,7998.0,
20230611.0,5817.0,5694.0,
20230612.0,9984.0,9773.0,
20230613.0,10278.0,10053.0,
20230614.0,10456.0,10236.0,1 
20230615.0,10356.0,10140.0,"1 , 2    , 2 () "
20230616.0,9790.0,9559.0,
20230617.0,7994.0,7819.0,
20230618.0,6473.0,6334.0,
20230619.0,9028.0,8838.0,
20230620.0,9245.0,9027.0,
20230621.0,8987.0,8743.0,
20230622.0,9374.0,9194.0," ,   "
20230623.0,9733.0,9506.0,
20230624.0,7945.0,7741.0,
20230625.0,6418.0,6277.0,
20230626.0,9090.0,8873.0,
20230701.0,7660.0,7459.0,
20230702.0,5927.0,5814.0,
20230703.0,9351.0,9168.0,1  
20230704.0,9057.0,8777.0,
20230705.0,9608.0,9381.0,1  
20230706.0,9458.0,9255.0,
20230707.0,9382.0,9198.0,
20230708.0,7032.0,6877.0,
20230709.0,5239.0,5089.0,
20230710.0,9254.0,9052.0,
20230711.0,8646.0,8398.0,
20230712.0,9264.0,9068.0,    (1/2)
20230713.0,8665.0,8401.0,
20230714.0,8477.0,8266.0,
20230715.0,5877.0,5766.0,
20230716.0,5447.0,5331.0,
20230717.0,8878.0,8699.0,
20230718.0,8965.0,8753.0,
20230719.0,9824.0,9628.0,
20230720.0,9383.0,9181.0,
20230721.0,9531.0,9353.0,
20230722.0,7062.0,6906.0,
20230723.0,4584.0,4460.0,
20230724.0,9481.0,9297.0,
20230725.0,9107.0,8935.0,
20230726.0,9694.0,9487.0,
20230727.0,9673.0,9482.0,
20230728.0,9281.0,9075.0,
20230729.0,5961.0,5811.0,
20230730.0,5238.0,5136.0,
20230731.0,8190.0,8011.0,
20230801.0,8683.0,8498.0,2023    
20230802.0,8712.0,8514.0,  
20230803.0,8944.0,8761.0,
20230804.0,8717.0,8541.0,
20230805.0,6411.0,6259.0,
20230806.0,5240.0,5131.0,
20230807.0,8082.0,7916.0,
20230808.0,8693.0,8523.0,2 
20230809.0,8534.0,8358.0,   
20230810.0,6357.0,6171.0,
20230811.0,8703.0,8519.0,
20230812.0,5857.0,5743.0,
20230813.0,5038.0,4944.0,
20230814.0,7532.0,7378.0,
20230815.0,5404.0,5279.0,
20230816.0,8381.0,8201.0,
20230817.0,8242.0,8093.0,
20230818.0,8453.0,8309.0,
20230819.0,7134.0,6948.0,
20230820.0,5390.0,5275.0,
20230821.0,7933.0,7786.0,2  
20230822.0,7936.0,7754.0,
20230823.0,8039.0,7827.0,
20230824.0,8508.0,8360.0,
20230825.0,8433.0,8273.0,2024 1  
20230826.0,7249.0,7095.0,
20230827.0,6477.0,6314.0,
20230828.0,8561.0,8361.0,
20230829.0,9273.0,9037.0, 
20230830.0,9229.0,8986.0,
20230831.0,9690.0,9510.0,"1 ,  "
20230901.0,10582.0,10354.0,"2 , 2  "
20230902.0,8772.0,8546.0,
20230903.0,7068.0,6907.0,
20230904.0,11504.0,11250.0,2024 1  
20230905.0,11563.0,11300.0,
20230906.0,11654.0,11393.0,
20230907.0,11866.0,11607.0,
20230908.0,10921.0,10690.0,  
20230909.0,9700.0,9462.0,
20230910.0,7717.0,7573.0,
20230911.0,11181.0,10966.0,
20230912.0,11074.0,10835.0,
20230913.0,11365.0,11029.0,
20230914.0,12967.0,12665.0,
20230915.0,11159.0,10908.0,
20230916.0,8620.0,8403.0,
20230917.0,7150.0,7020.0,
20230918.0,10891.0,10653.0,
20230919.0,11069.0,10816.0,
20230920.0,11426.0,11068.0,
20230921.0,11526.0,11295.0,
20230922.0,10912.0,10710.0,
20230923.0,9082.0,8898.0,
20230924.0,7331.0,7165.0,
20230925.0,11173.0,10927.0," 1/4,    "
20230926.0,11149.0,10829.0,
20230927.0,11099.0,10870.0,"2024 1 ,  "
20230928.0,3936.0,3853.0,
20230929.0,2279.0,2250.0,
20230930.0,2564.0,2497.0,
20231001.0,3736.0,3641.0,
20231002.0,5008.0,4923.0,
20231003.0,6009.0,5878.0,
20231004.0,10768.0,10498.0,
20231005.0,10933.0,10704.0,
20231006.0,10637.0,10406.0,
20231007.0,9277.0,9035.0,
20231008.0,6699.0,6566.0,
20231009.0,7113.0,6977.0,
20231010.0,10761.0,10532.0,
20231011.0,10987.0,10739.0,
20231012.0,11011.0,10767.0,
20231013.0,11520.0,11277.0,
20231014.0,9680.0,9441.0,
20231015.0,8499.0,8312.0,
20231016.0,10221.0,10037.0,
20231017.0,10561.0,10336.0,
20231018.0,10427.0,10217.0,
20231019.0,10412.0,10154.0,
20231020.0,10264.0,10043.0,
20231021.0,9095.0,8884.0,
20231022.0,7140.0,6995.0,
20231023.0,9804.0,9623.0,"2024 1 , ,  "
20231024.0,10017.0,9819.0,
20231025.0,10364.0,10156.0,"2   ,  2/4"
20231026.0,10816.0,10576.0,2 
20231027.0,10053.0,9847.0,
20231028.0,9541.0,9280.0,
20231029.0,7444.0,7251.0,
20231030.0,10360.0,10151.0,
20231031.0,10980.0,10768.0,  
20231101.0,10439.0,10246.0,
20231102.0,10969.0,10709.0,
20231103.0,10728.0,10529.0,
20231104.0,8633.0,8450.0,
20231105.0,6314.0,6151.0,
20231106.0,10446.0,10190.0,
20231107.0,10507.0,10302.0,
20231108.0,10501.0,10302.0,
20231109.0,10615.0,10385.0,
20231110.0,10282.0,10080.0,
20231111.0,8780.0,8609.0,
20231112.0,7165.0,7018.0,
20231113.0,10412.0,10213.0,
20231114.0,10397.0,10180.0,
20231115.0,10546.0,10337.0,
20231116.0,10464.0,10198.0,
20231117.0,10440.0,10248.0,
20231118.0,8631.0,8453.0,
20231119.0,6562.0,6408.0,
20231120.0,10247.0,10027.0, 3/4
20231121.0,10543.0,10322.0,
20231122.0,10499.0,10270.0,
20231123.0,9778.0,9584.0,
20231124.0,9840.0,9565.0,
20231125.0,8026.0,7848.0,
20231126.0,6483.0,6337.0,
20231127.0,10120.0,9905.0,2024 1    
20231128.0,10236.0,9992.0,
20231129.0,10615.0,10387.0,
20231130.0,9933.0,9696.0,
20231201.0,9973.0,9764.0,
20231202.0,7790.0,7602.0,2  
20231203.0,6563.0,6386.0,
20231204.0,9845.0,9675.0,2  
20231205.0,9920.0,9718.0,
20231206.0,9906.0,9704.0,
20231207.0,9944.0,9750.0,
20231208.0,9500.0,9282.0,2024  
20231209.0,7569.0,7422.0,
20231210.0,5824.0,5717.0,    (1/2)
20231211.0,9511.0,9287.0,
20231212.0,9513.0,9341.0,
20231213.0,9637.0,9440.0,
20231214.0,10510.0,10250.0,2 
20231215.0,9537.0,9302.0,"2 , 2024 1    , 2024 1 () "
20231216.0,7723.0,7539.0,
20231217.0,5381.0,5269.0,
20231218.0,9126.0,8941.0,
20231219.0,9469.0,9289.0,
20231220.0,9653.0,9450.0,
20231221.0,9421.0,9243.0,
20231222.0,9675.0,9453.0," ,   "
20231223.0,6454.0,6331.0,
20231224.0,4401.0,4331.0,
20231225.0,4082.0,4016.0,  
20231226.0,8582.0,8424.0,
20231227.0,8510.0,8351.0,
20231228.0,8182.0,8045.0,
20231229.0,7889.0,7732.0,
20231230.0,5091.0,4985.0,2024 1 
20231231.0,3267.0,3226.0,
20240101.0,3408.0,3323.0,
20240102.0,7486.0,7370.0,
20240103.0,8252.0,8112.0,
20240104.0,7937.0,7809.0,
20240105.0,8265.0,8124.0,
20240106.0,6004.0,5877.0,
20240107.0,4735.0,4643.0,
20240108.0,8581.0,8389.0,
20240109.0,9170.0,8971.0,
20240110.0,9014.0,8824.0,
20240111.0,8290.0,8162.0,
20240112.0,8271.0,8130.0,
20240113.0,6442.0,6300.0,
20240114.0,4705.0,4618.0,
20240115.0,7988.0,7840.0,
20240116.0,8123.0,7994.0,
20240117.0,8588.0,8375.0,
20240118.0,8154.0,7996.0,
20240119.0,8463.0,8274.0,
20240120.0,6204.0,6072.0,
20240121.0,4727.0,4633.0,
20240122.0,8211.0,8068.0,
20240123.0,7855.0,7699.0,
20240124.0,7845.0,7677.0,
20240125.0,7733.0,7587.0,
20240126.0,7682.0,7542.0,
20240127.0,5860.0,5723.0,
20240128.0,4503.0,4417.0,
20240129.0,7716.0,7574.0,
20240130.0,7902.0,7734.0,
20240131.0,7764.0,7579.0,
20240201.0,7704.0,7571.0,
20240202.0,7949.0,7812.0,
20240203.0,5250.0,5169.0,
20240204.0,4436.0,4348.0,
20240205.0,7456.0,7281.0,
20240206.0,7799.0,7668.0,
20240207.0,7455.0,7326.0,
20240208.0,6786.0,6665.0,
20240209.0,2277.0,2246.0,
20240210.0,1399.0,1364.0,
20240211.0,2356.0,2321.0,
20240212.0,3598.0,3534.0,
20240213.0,7279.0,7157.0,
20240214.0,8159.0,7962.0,
20240215.0,7305.0,7169.0,
20240216.0,8069.0,7919.0,
20240217.0,5945.0,5804.0,
20240218.0,4826.0,4726.0,
20240219.0,7877.0,7703.0,
20240220.0,7533.0,7384.0,
20240221.0,7689.0,7512.0,
20240222.0,8361.0,8189.0,
20240223.0,8281.0,8112.0,
20240224.0,6372.0,6251.0,
20240225.0,4889.0,4810.0,
20240226.0,9098.0,8894.0,
20240227.0,8189.0,8011.0,
20240228.0,7830.0,7684.0,
20240229.0,8921.0,8706.0,
20240301.0,6933.0,6699.0,
20240302.0,6630.0,6452.0,
20240303.0,6558.0,6339.0,
20240304.0,11549.0,11241.0,
20240305.0,11803.0,11500.0,
20240306.0,11797.0,11509.0,
20240307.0,12090.0,11808.0,
20240308.0,11807.0,11518.0,
20240309.0,8038.0,7819.0,
20240310.0,6871.0,6710.0,
20240311.0,11187.0,10947.0,
20240312.0,11961.0,11683.0,
20240313.0,11576.0,11314.0,
20240314.0,11891.0,11632.0,
20240315.0,11553.0,11263.0,
20240316.0,8063.0,7865.0,
20240317.0,7144.0,6983.0,
20240318.0,11179.0,10957.0,
20240319.0,11543.0,11311.0,
20240320.0,11639.0,11420.0,
20240321.0,11955.0,11711.0,
20240322.0,11351.0,11085.0,
20240323.0,8765.0,8549.0,
20240324.0,7473.0,7336.0,
20240325.0,11200.0,10972.0,
20240326.0,11623.0,11396.0,
20240327.0,11586.0,11369.0,
20240328.0,12652.0,12388.0,
20240329.0,11099.0,10894.0,
20240330.0,8388.0,8206.0,
20240331.0,7842.0,7629.0,
20240401.0,11684.0,11467.0,
20240402.0,11699.0,11466.0,
20240403.0,11256.0,11049.0,
20240404.0,11922.0,11707.0,
20240405.0,11471.0,11235.0,
20240406.0,9659.0,9436.0,
20240407.0,7761.0,7584.0,
20240408.0,10795.0,10616.0,
20240409.0,11667.0,11430.0,
20240410.0,7914.0,7759.0,
20240411.0,11621.0,11390.0,
20240412.0,10723.0,10526.0,
20240413.0,8681.0,8485.0,
20240414.0,6971.0,6824.0,
20240415.0,10437.0,10247.0,
20240416.0,11209.0,11000.0,
20240417.0,11152.0,10956.0,
20240418.0,11504.0,11273.0,
20240419.0,10484.0,10302.0,
20240420.0,7847.0,7661.0,
20240421.0,6713.0,6562.0,
20240422.0,10529.0,10344.0,
20240423.0,10981.0,10794.0,
20240424.0,10544.0,10320.0,
20240425.0,11265.0,11041.0,
20240426.0,10693.0,10480.0,
20240427.0,8997.0,8773.0,
20240428.0,7070.0,6917.0,
20240429.0,10837.0,10655.0,
20240430.0,11571.0,11376.0,
20240501.0,10538.0,10299.0,
20240502.0,10623.0,10383.0,
20240503.0,10602.0,10363.0,
20240504.0,8754.0,8575.0,
20240505.0,7227.0,7119.0,
20240506.0,10331.0,10105.0,
20240507.0,10657.0,10419.0,
20240508.0,10818.0,10570.0,
20240509.0,10914.0,10663.0,
20240510.0,10898.0,10648.0,
20240511.0,9050.0,8860.0,
20240512.0,7518.0,7398.0,
20240513.0,10612.0,10373.0,
20240514.0,10922.0,10672.0,
20240515.0,11062.0,10803.0,
20240516.0,11133.0,10871.0,
20240517.0,11088.0,10828.0,
20240518.0,9207.0,9008.0,
20240519.0,7640.0,7512.0,
20240520.0,10696.0,10451.0,
20240521.0,10967.0,10712.0,
20240522.0,11067.0,10805.0,
20240523.0,11098.0,10835.0,
20240524.0,11013.0,10755.0,
20240525.0,9095.0,8899.0,
20240526.0,7492.0,7369.0,
20240527.0,10515.0,10277.0,
20240528.0,10756.0,10510.0,
20240529.0,10830.0,10578.0,
20240530.0,10840.0,10589.0,
20240531.0,10737.0,10491.0,
20240601.0,8806.0,8623.0,
20240602.0,7193.0,7085.0,
20240603.0,10212.0,9989.0,
20240604.0,10453.0,10221.0,
20240605.0,10531.0,10293.0,
20240606.0,10547.0,10310.0,
20240607.0,10454.0,10222.0,
20240608.0,8535.0,8365.0,
20240609.0,6938.0,6841.0,
20240610.0,9973.0,9760.0,
20240611.0,10231.0,10008.0,
20240612.0,10326.0,10095.0,
20240613.0,10359.0,10128.0,
20240614.0,10283.0,10055.0,
20240615.0,8380.0,8213.0,
20240616.0,6796.0,6701.0,
20240617.0,9843.0,9631.0,
20240618.0,10111.0,9888.0,
20240619.0,10214.0,9983.0,
20240620.0,10253.0,10020.0,
20240621.0,10181.0,9951.0,
20240622.0,8278.0,8109.0,
20240623.0,6694.0,6596.0,
20240624.0,9739.0,9524.0,
20240625.0,10003.0,9777.0,
20240626.0,10100.0,9867.0,
20240627.0,10133.0,9899.0,
20240628.0,10055.0,9823.0,
20240629.0,8146.0,7976.0,
20240630.0,6556.0,6458.0,
20240701.0,9595.0,9381.0,
20240702.0,9855.0,9631.0,
20240703.0,9949.0,9719.0,
20240704.0,9981.0,9750.0,
20240705.0,9902.0,9676.0,
20240706.0,7995.0,7831.0,
20240707.0,6408.0,6317.0,
20240708.0,9452.0,9245.0,
20240709.0,9718.0,9502.0,
20240710.0,9820.0,9597.0,
20240711.0,9860.0,9637.0,
20240712.0,9789.0,9570.0,
20240713.0,7891.0,7734.0,
20240714.0,6312.0,6227.0,
20240715.0,9363.0,9162.0,
20240716.0,9634.0,9424.0,
20240717.0,9740.0,9523.0,
20240718.0,9780.0,9563.0,
20240719.0,9709.0,9495.0,
20240720.0,7806.0,7654.0,
20240721.0,6220.0,6141.0,
20240722.0,9261.0,9065.0,
20240723.0,9519.0,9314.0,
20240724.0,9609.0,9396.0,
20240725.0,9630.0,9417.0,
20240726.0,9537.0,9328.0,
20240727.0,7611.0,7464.0,
20240728.0,6000.0,5925.0,
20240729.0,9015.0,8824.0,
20240730.0,9248.0,9047.0,
20240731.0,9312.0,9105.0,
20240801.0,9310.0,9103.0,
20240802.0,9196.0,8993.0,
20240803.0,7251.0,7112.0,
20240804.0,5626.0,5560.0,
20240805.0,8632.0,8450.0,
20240806.0,8861.0,8670.0,
20240807.0,8928.0,8731.0,
20240808.0,8936.0,8738.0,
20240809.0,8839.0,8645.0,
20240810.0,6919.0,6787.0,
20240811.0,5326.0,5267.0,
20240812.0,8371.0,8196.0,
20240813.0,8647.0,8462.0,
20240814.0,8768.0,8575.0,
20240815.0,8836.0,8641.0,
20240816.0,8805.0,8613.0,
20240817.0,6956.0,6824.0,
20240818.0,5437.0,5375.0,
20240819.0,8560.0,8379.0,
20240820.0,8915.0,8721.0,
20240821.0,9114.0,8910.0,
20240822.0,9259.0,9051.0,
20240823.0,9302.0,9094.0,
20240824.0,7523.0,7373.0,
20240825.0,6069.0,5987.0,
20240826.0,9249.0,9047.0,
20240827.0,9653.0,9436.0,
20240828.0,9893.0,9664.0,
20240829.0,10068.0,9835.0,
20240830.0,10131.0,9896.0,
20240831.0,8360.0,8183.0,
20240901.0,6902.0,6793.0,
20240902.0,10067.0,9838.0,
20240903.0,10443.0,10201.0,
20240904.0,10644.0,10392.0,
20240905.0,10770.0,10515.0,
20240906.0,10773.0,10520.0,
20240907.0,8934.0,8740.0,
20240908.0,7400.0,7277.0,
20240909.0,10481.0,10242.0,
20240910.0,10770.0,10521.0,
20240911.0,10880.0,10624.0,
20240912.0,10913.0,10658.0,
20240913.0,10822.0,10572.0,
20240914.0,8891.0,8705.0,
20240915.0,7269.0,7157.0,
20240916.0,10268.0,10042.0,
20240917.0,10480.0,10247.0,
20240918.0,10521.0,10284.0,
20240919.0,10494.0,10260.0,
20240920.0,10355.0,10127.0,
20240921.0,8386.0,8223.0,
20240922.0,6738.0,6650.0,
20240923.0,9723.0,9522.0,
20240924.0,9934.0,9726.0,
20240925.0,9987.0,9773.0,
20240926.0,9984.0,9771.0,
20240927.0,9880.0,9672.0,
20240928.0,7957.0,7812.0,
20240929.0,6365.0,6293.0,
20240930.0,9415.0,9227.0,
20241001.0,9699.0,9500.0,
20241002.0,9830.0,9623.0,
20241003.0,9910.0,9700.0,
20241004.0,9892.0,9684.0,
20241005.0,8057.0,7908.0,
20241006.0,6552.0,6472.0,
20241007.0,9687.0,9487.0,
20241008.0,10052.0,9838.0,
20241009.0,10259.0,10034.0,
20241010.0,10409.0,10178.0,
20241011.0,10453.0,10221.0,
20241012.0,8671.0,8496.0,
20241013.0,7209.0,7102.0,
20241014.0,10378.0,10149.0,
20241015.0,10765.0,10522.0,
20241016.0,10983.0,10729.0,
20241017.0,11133.0,10874.0,
20241018.0,11166.0,10908.0,
20241019.0,9363.0,9163.0,
20241020.0,7870.0,7739.0,
20241021.0,10998.0,10749.0,
20241022.0,11337.0,11076.0,
20241023.0,11501.0,11230.0,
20241024.0,11590.0,11317.0,
20241025.0,11557.0,11288.0,
20241026.0,9685.0,9477.0,
20241027.0,8122.0,7986.0,
20241028.0,11179.0,10927.0,
20241029.0,11447.0,11186.0,
20241030.0,11542.0,11275.0,
20241031.0,11566.0,11300.0,
20241101.0,11473.0,11212.0,
20241102.0,9546.0,9347.0,
20241103.0,7933.0,7809.0,
20241104.0,10948.0,10708.0,
20241105.0,11181.0,10933.0,
20241106.0,11248.0,10995.0,
20241107.0,11253.0,11000.0,
20241108.0,11147.0,10900.0,
20241109.0,9215.0,9030.0,
20241110.0,7605.0,7493.0,
20241111.0,10629.0,10401.0,
20241112.0,10877.0,10639.0,
20241113.0,10964.0,10719.0,
20241114.0,10993.0,10747.0,
20241115.0,10915.0,10672.0,
20241116.0,9013.0,8831.0,
20241117.0,7434.0,7323.0,
20241118.0,10488.0,10260.0,
20241119.0,10767.0,10527.0,
20241120.0,10882.0,10634.0,
20241121.0,10936.0,10686.0,
20241122.0,10881.0,10632.0,
20241123.0,8995.0,8808.0,
20241124.0,7429.0,7311.0,
20241125.0,10490.0,10255.0,
20241126.0,10769.0,10523.0,
20241127.0,10879.0,10625.0,
20241128.0,10921.0,10666.0,
20241129.0,10847.0,10595.0,
20241130.0,8938.0,8748.0,
20241201.0,7341.0,7223.0,
20241202.0,10368.0,10134.0,
20241203.0,10607.0,10365.0,
20241204.0,10674.0,10426.0,
20241205.0,10670.0,10423.0,
20241206.0,10548.0,10306.0,
20241207.0,8589.0,8412.0,
20241208.0,6943.0,6841.0,
20241209.0,9921.0,9705.0,
20241210.0,10115.0,9892.0,
20241211.0,10138.0,9912.0,
20241212.0,10095.0,9871.0,
20241213.0,9938.0,9721.0,
20241214.0,7951.0,7799.0,
20241215.0,6282.0,6206.0,
20241216.0,9244.0,9055.0,
20241217.0,9429.0,9233.0,
20241218.0,9452.0,9252.0,
20241219.0,9415.0,9217.0,
20241220.0,9272.0,9081.0,
20241221.0,7307.0,7180.0,
20241222.0,5667.0,5614.0,
20241223.0,8665.0,8498.0,
20241224.0,8892.0,8716.0,
20241225.0,8962.0,8779.0,
20241226.0,8978.0,8795.0,
20241227.0,8891.0,8712.0,
20241228.0,6985.0,6866.0,
20241229.0,5405.0,5358.0,
20241230.0,8464.0,8300.0,
20241231.0,8752.0,8575.0,
